source_attack,sensor,low,high,target_coverage,other_coverage,specificity_score,attack_train_samples,fallback_selected,source_attacks,feature_name
Attack_39,AIT201,170.0205,170.0205,1.0,0.004201793121905526,0.9957982068780945,321,False,Attack_39,AIT201_ATTACK_RANGE_000
Attack_10,AIT201,263.1377,263.2018,1.0,0.027956760210873847,0.9720432397891261,128,False,Attack_10,AIT201_ATTACK_RANGE_001
Attack_40,AIT201,170.0526,170.0846,0.9705882352941176,0.00141529587694937,0.9691729394171683,238,False,Attack_40,AIT201_ATTACK_RANGE_002
Attack_35,AIT201,176.6534,176.8777,0.987012987012987,0.0188466797136806,0.9681663072993064,385,False,Attack_35,AIT201_ATTACK_RANGE_003
Attack_25,AIT201,220.2961,220.3922,0.9775510204081632,0.013603613291751802,0.9639474071164115,490,False,Attack_25,AIT201_ATTACK_RANGE_004
Attack_33,AIT201,177.4225,177.4545,0.9578651685393258,0.002009107956067506,0.9558560605832583,356,False,Attack_33,AIT201_ATTACK_RANGE_005
Attack_13,AIT201,260.2538,260.382,0.9679144385026738,0.01282700872023254,0.9550874297824412,187,False,Attack_13,AIT201_ATTACK_RANGE_006
Attack_6,AIT201,263.4261,263.4581,0.9745222929936306,0.022835673745636706,0.9516866192479939,157,False,Attack_6,AIT201_ATTACK_RANGE_007
Attack_11,AIT201,263.1056,263.1697,0.9710467706013363,0.019362462067298653,0.9516843085340376,449,False,Attack_11,AIT201_ATTACK_RANGE_008
Attack_22,AIT201,239.6821,239.8103,0.9514824797843666,0.00010719549778909286,0.9513752842865775,371,False,Attack_22,AIT201_ATTACK_RANGE_009
Attack_30,AIT201,181.1074,181.2356,0.9498399146211313,0.007755313069743394,0.9420846015513878,937,False,Attack_30,AIT201_ATTACK_RANGE_010
Attack_41,AIT201,168.9951,169.7962,0.9582089552238806,0.020827601386672535,0.9373813538372081,1340,False,Attack_41,AIT201_ATTACK_RANGE_011
Attack_17,AIT201,260.0936,260.3179,0.975609756097561,0.03855895667169649,0.9370507994258644,574,False,Attack_17,AIT201_ATTACK_RANGE_012
Attack_38,AIT201,169.8923,169.9244,0.9733333333333334,0.037131950561917725,0.9362013827714156,225,False,Attack_38,AIT201_ATTACK_RANGE_013
Attack_24,AIT201,219.9756,220.3922,0.9688715953307393,0.033957626439391916,0.9349139688913474,257,False,Attack_24,AIT201_ATTACK_RANGE_014
Attack_27,AIT201,188.5734,190.2717,0.9334811529933481,0.0032202130294773346,0.9302609399638708,1353,False,Attack_27,AIT201_ATTACK_RANGE_015
Attack_7,AIT201,263.5222,263.6824,0.9273255813953488,0.006641315408922929,0.9206842659864259,344,False,Attack_7,AIT201_ATTACK_RANGE_016
Attack_23,AIT201,234.1387,234.4591,0.921146953405018,0.0013466925231631114,0.9198002608818548,558,False,Attack_23,AIT201_ATTACK_RANGE_017
Attack_16,AIT201,261.2151,262.0482,0.9276018099547512,0.01665554517549713,0.910946264779254,221,False,Attack_16,AIT201_ATTACK_RANGE_018
Attack_1,AIT201,262.3045,262.6891,0.9454787234042553,0.03817620620566416,0.9073025171985911,752,False,Attack_1,AIT201_ATTACK_RANGE_019
Attack_19,AIT201,251.1856,251.3458,0.9423076923076923,0.037275201451518226,0.9050324908561741,208,False,Attack_19,AIT201_ATTACK_RANGE_020
Attack_2,AIT201,262.3045,262.4007,0.9211267605633803,0.023840775762770886,0.8972859848006094,355,False,Attack_2,AIT201_ATTACK_RANGE_021
Attack_20,AIT201,251.2497,251.3458,0.9240506329113924,0.034064757827134064,0.8899858750842584,316,False,Attack_20,AIT201_ATTACK_RANGE_022
Attack_8,AIT201,263.2979,263.6504,0.9520725388601037,0.08704014736956169,0.865032391490542,772,False,Attack_8,AIT201_ATTACK_RANGE_023
Attack_37,AIT201,169.8603,170.0205,0.925531914893617,0.06585365853658537,0.8596782563570315,376,False,Attack_37,AIT201_ATTACK_RANGE_024
Attack_3,AIT202,8.445143,8.45059,0.9674267100977199,0.01219936327884641,0.9552273468188734,307,False,Attack_3,AIT202_ATTACK_RANGE_000
Attack_19,AIT202,8.384901,8.391951,0.9951923076923077,0.04111745557393671,0.954074852118371,208,False,Attack_19,AIT202_ATTACK_RANGE_001
Attack_25,AIT202,8.570431,8.580364,0.9693877551020408,0.01559307452414238,0.9537946805778984,490,False,Attack_25,AIT202_ATTACK_RANGE_002
Attack_4,AIT202,8.365996,8.372725,0.9807692307692307,0.040108096537700005,0.9406611342315307,312,False,Attack_4,AIT202_ATTACK_RANGE_003
Attack_29,AIT202,8.676814,8.683222,0.9690721649484536,0.030886695575833355,0.9381854693726203,97,False,Attack_29,AIT202_ATTACK_RANGE_004
Attack_36,AIT202,8.684824,8.693796,0.9560185185185185,0.0246953347291566,0.9313231837893619,432,False,Attack_36,AIT202_ATTACK_RANGE_005
Attack_26,AIT202,8.431684,8.449308,0.9645328719723183,0.05064330687106488,0.9138895651012534,1156,False,Attack_26,AIT202_ATTACK_RANGE_006
Attack_20,AIT202,8.38426,8.388746,0.9177215189873418,0.013513513513513514,0.9042080054738283,316,False,Attack_20,AIT202_ATTACK_RANGE_007
Attack_13,AIT202,8.391951,8.400282,0.9732620320855615,0.07600202672071255,0.897260005364849,187,False,Attack_13,AIT202_ATTACK_RANGE_008
Attack_33,AIT202,8.595425,8.605999,0.9438202247191011,0.04744173586927404,0.8963784888498271,356,False,Attack_33,AIT202_ATTACK_RANGE_009
Attack_27,AIT202,8.536144,8.551205,0.9076127124907613,0.013073514435912256,0.894539198054849,1353,False,Attack_27,AIT202_ATTACK_RANGE_010
Attack_7,AIT202,8.427855450000001,8.438734,0.9215116279069767,0.03237641261849928,0.8891352152884774,344,False,Attack_7,AIT202_ATTACK_RANGE_011
Attack_40,AIT202,8.620739,8.625225,0.9159663865546218,0.031617175817133095,0.8843492107374887,238,False,Attack_40,AIT202_ATTACK_RANGE_012
Attack_2,AIT202,8.377531,8.390028,0.9098591549295775,0.04318127025796255,0.8666778846716149,355,False,Attack_2,AIT202_ATTACK_RANGE_013
Attack_10,AIT203,328.4286,328.6337,1.0,0.012167847063208904,0.987832152936791,128,False,Attack_10,AIT203_ATTACK_RANGE_000
Attack_36,AIT203,288.1056,291.1305,0.9884259259259259,0.024051108605787297,0.9643748173201386,432,False,Attack_36,AIT203_ATTACK_RANGE_001
Attack_40,AIT203,303.3325,303.8964,0.9747899159663865,0.012737662892544329,0.9620522530738422,238,False,Attack_40,AIT203_ATTACK_RANGE_002
Attack_13,AIT203,332.4532,332.7352,0.9732620320855615,0.013493693165151071,0.9597683389204105,187,False,Attack_13,AIT203_ATTACK_RANGE_003
Attack_6,AIT203,329.5565,330.0436,0.9617834394904459,0.015561299261904128,0.9462221402285418,157,False,Attack_6,AIT203_ATTACK_RANGE_004
Attack_19,AIT203,333.5555,333.7862,0.9615384615384616,0.016462991621751428,0.9450754699167101,208,False,Attack_19,AIT203_ATTACK_RANGE_005
Attack_4,AIT203,330.7101,331.1971,0.967948717948718,0.03055600149836785,0.93739271645035,312,False,Attack_4,AIT203_ATTACK_RANGE_006
Attack_33,AIT203,304.9474,305.1782,0.9466292134831461,0.012777926600589339,0.9338512868825568,356,False,Attack_33,AIT203_ATTACK_RANGE_007
Attack_38,AIT203,291.028,292.1302,0.9422222222222222,0.01137182669976776,0.9308503955224544,225,False,Attack_38,AIT203_ATTACK_RANGE_008
Attack_11,AIT203,327.7108,328.4286,0.9354120267260579,0.005585842038832344,0.9298261846872256,449,False,Attack_11,AIT203_ATTACK_RANGE_009
Attack_20,AIT203,333.4786,333.6324,0.9367088607594937,0.012496655070912497,0.9242122056885812,316,False,Attack_20,AIT203_ATTACK_RANGE_010
Attack_2,AIT203,328.6593,329.2745,0.9492957746478873,0.03182341753502451,0.9174723571128628,355,False,Attack_2,AIT203_ATTACK_RANGE_011
Attack_21,AIT203,332.0174,332.8634,0.9393414211438474,0.028160284567086153,0.9111811365767613,577,False,Attack_21,AIT203_ATTACK_RANGE_012
Attack_31,AIT203,299.82696500000003,301.6406,0.935374149659864,0.026957637997432605,0.9084165116624314,294,False,Attack_31,AIT203_ATTACK_RANGE_013
Attack_39,AIT203,303.8195,305.1782,0.9501557632398754,0.04474775859761809,0.9054080046422572,321,False,Attack_39,AIT203_ATTACK_RANGE_014
Attack_3,AIT203,316.55727,318.7132,0.9218241042345277,0.0447577516787501,0.8770663525557776,307,False,Attack_3,AIT203_ATTACK_RANGE_015
Attack_7,AIT203,316.8931,319.6706,0.9331395348837209,0.06172674200631996,0.8714127928774009,344,False,Attack_7,AIT203_ATTACK_RANGE_016
Attack_41,AIT203,304.8193,307.2545,0.9208955223880597,0.06270291091179223,0.8581926114762675,1340,False,Attack_41,AIT203_ATTACK_RANGE_017
Attack_32,AIT203,290.7716,300.2563,0.918918918918919,0.07122698562021233,0.8476919332987066,481,False,Attack_32,AIT203_ATTACK_RANGE_018
Attack_35,AIT203,288.6696,303.5888,0.9974025974025974,0.16962011742312538,0.827782479979472,385,False,Attack_35,AIT203_ATTACK_RANGE_019
Attack_24,AIT402,149.6796,150.5511,0.9727626459143969,0.020064655748216625,0.9526979901661803,257,False,Attack_24,AIT402_ATTACK_RANGE_000
Attack_29,AIT402,146.3727,146.8854,0.9690721649484536,0.02628428529623028,0.9427878796522233,97,False,Attack_29,AIT402_ATTACK_RANGE_001
Attack_31,AIT402,147.517305,147.9108,0.9489795918367347,0.020726358579375267,0.9282532332573595,294,False,Attack_31,AIT402_ATTACK_RANGE_002
Attack_13,AIT402,151.9867,152.6275,0.9893048128342246,0.0706685511613643,0.9186362616728603,187,False,Attack_13,AIT402_ATTACK_RANGE_003
Attack_30,AIT402,146.0651,146.8342,0.9445037353255069,0.027483741054178345,0.9170199942713285,937,False,Attack_30,AIT402_ATTACK_RANGE_004
Attack_6,AIT402,155.0372,155.2679,0.9554140127388535,0.044179168109994935,0.9112348446288586,157,False,Attack_6,AIT402_ATTACK_RANGE_005
Attack_35,AIT402,142.989,143.6298,0.9246753246753247,0.013833409291976087,0.9108419153833486,385,False,Attack_35,AIT402_ATTACK_RANGE_006
Attack_26,AIT402,149.1925,150.2692,0.916955017301038,0.008321927183137148,0.9086330901179008,1156,False,Attack_26,AIT402_ATTACK_RANGE_007
Attack_34,AIT402,143.6555,143.9887,0.9506172839506173,0.04371759074591145,0.9068996932047059,81,False,Attack_34,AIT402_ATTACK_RANGE_008
Attack_27,AIT402,148.3978,148.9874,0.9379157427937915,0.03324801144964633,0.9046677313441452,1353,False,Attack_27,AIT402_ATTACK_RANGE_009
Attack_21,AIT402,154.3194,154.8321,0.9722703639514731,0.06866258859036892,0.9036077753611043,577,False,Attack_21,AIT402_ATTACK_RANGE_010
Attack_4,AIT402,154.5501,155.0628,0.9711538461538461,0.06828276341841923,0.9028710827354269,312,False,Attack_4,AIT402_ATTACK_RANGE_011
Attack_32,AIT402,145.2961,146.2446,0.9480249480249481,0.048273081575057115,0.8997518664498909,481,False,Attack_32,AIT402_ATTACK_RANGE_012
Attack_36,AIT402,143.6555,144.4501,0.9537037037037037,0.10060664626617276,0.853097057437531,432,False,Attack_36,AIT402_ATTACK_RANGE_013
Attack_41,AIT402,144.1425,144.8347,0.926865671641791,0.07453364881967754,0.8523320228221135,1340,False,Attack_41,AIT402_ATTACK_RANGE_014
Attack_37,AIT402,140.9126,144.809,0.9601063829787234,0.1878584829804342,0.7722478999982892,376,False,Attack_37,AIT402_ATTACK_RANGE_015
Attack_3,AIT501,7.879582,7.882146,0.990228013029316,0.004548008239920811,0.9856800047893951,307,False,Attack_3,AIT501_ATTACK_RANGE_000
Attack_6,AIT501,7.869969,7.870931,1.0,0.023368594953236163,0.9766314050467638,157,False,Attack_6,AIT501_ATTACK_RANGE_001
Attack_4,AIT501,7.87061,7.873174,1.0,0.03510461818376411,0.9648953818162359,312,False,Attack_4,AIT501_ATTACK_RANGE_002
Attack_10,AIT501,7.852987,7.853628,0.96875,0.005964108844986421,0.9627858911550136,128,False,Attack_10,AIT501_ATTACK_RANGE_003
Attack_39,AIT501,7.75109,7.755255,1.0,0.055078281814532316,0.9449217181854677,321,False,Attack_39,AIT501_ATTACK_RANGE_004
Attack_29,AIT501,7.8384388000000005,7.84081,0.9484536082474226,0.005320705525552688,0.94313290272187,97,False,Attack_29,AIT501_ATTACK_RANGE_005
Attack_31,AIT501,7.778006,7.779928,0.9455782312925171,0.009681215233204964,0.9358970160593121,294,False,Attack_31,AIT501_ATTACK_RANGE_006
Attack_26,AIT501,7.784414,7.7889,0.9429065743944637,0.007911305776074459,0.9349952686183892,1156,False,Attack_26,AIT501_ATTACK_RANGE_007
Attack_1,AIT501,7.873174,7.876058,0.964095744680851,0.03035143769968051,0.9337443069811705,752,False,Attack_1,AIT501_ATTACK_RANGE_008
Attack_21,AIT501,7.822866,7.82575,0.9809358752166378,0.05731763184133229,0.9236182433753055,577,False,Attack_21,AIT501_ATTACK_RANGE_009
Attack_23,AIT501,7.801077,7.804922,0.9336917562724014,0.017183796595561303,0.9165079596768401,558,False,Attack_23,AIT501_ATTACK_RANGE_010
Attack_8,AIT501,7.856191,7.860997,0.9546632124352331,0.04748875765292301,0.9071744547823101,772,False,Attack_8,AIT501_ATTACK_RANGE_011
Attack_34,AIT501,7.796911,7.798513,0.9506172839506173,0.04544608429730089,0.9051711996533164,81,False,Attack_34,AIT501_ATTACK_RANGE_012
Attack_16,AIT501,7.857152,7.859715,0.9366515837104072,0.034939276658214335,0.9017123070521929,221,False,Attack_16,AIT501_ATTACK_RANGE_013
Attack_27,AIT501,7.7591,7.769675,0.9327420546932742,0.04158753750034404,0.8911545171929302,1353,False,Attack_27,AIT501_ATTACK_RANGE_014
Attack_30,AIT501,7.825109,7.830556,0.9562433297758804,0.06789300389126235,0.8883503258846182,937,False,Attack_30,AIT501_ATTACK_RANGE_015
Attack_28,AIT501,7.441554,7.74285415,0.9010840108401084,0.013776117787160333,0.887307893052948,738,False,Attack_28,AIT501_ATTACK_RANGE_016
Attack_17,AIT501,7.860036,7.86324,0.9233449477351916,0.03745419271394697,0.8858907550212446,574,False,Attack_17,AIT501_ATTACK_RANGE_017
Attack_36,AIT501,7.79595,7.80147735,0.9490740740740741,0.06447629784721104,0.8845977762268631,432,False,Attack_36,AIT501_ATTACK_RANGE_018
Attack_38,AIT501,7.752051,7.755576,0.9288888888888889,0.0484503884039401,0.8804385004849488,225,False,Attack_38,AIT501_ATTACK_RANGE_019
Attack_32,AIT501,7.794027,7.798513,0.972972972972973,0.09391210858755544,0.8790608643854176,481,False,Attack_32,AIT501_ATTACK_RANGE_020
Attack_2,AIT501,7.872533,7.878621,0.9549295774647887,0.07971926816854624,0.8752103092962424,355,False,Attack_2,AIT501_ATTACK_RANGE_021
Attack_7,AIT501,7.866589149999999,7.8712029999999995,0.8953488372093024,0.024181886347812116,0.8711669508614902,344,False,Attack_7,AIT501_ATTACK_RANGE_022
Attack_33,AIT501,7.790503,7.798513,0.9859550561797753,0.11877846236271096,0.8671765938170644,356,False,Attack_33,AIT501_ATTACK_RANGE_023
Attack_41,AIT501,7.749808,7.761023,0.9470149253731344,0.08314532548285919,0.8638695998902752,1340,False,Attack_41,AIT501_ATTACK_RANGE_024
Attack_37,AIT501,7.682518,7.771918,0.9574468085106383,0.18172071830608416,0.7757260902045542,376,False,Attack_37,AIT501_ATTACK_RANGE_025
Attack_25,AIT502,139.5796,141.0408,1.0,0.041563608990214,0.958436391009786,490,False,Attack_25,AIT502_ATTACK_RANGE_000
Attack_21,AIT502,146.0395,146.5009,0.9722703639514731,0.017947128728879786,0.9543232352225933,577,False,Attack_21,AIT502_ATTACK_RANGE_001
Attack_22,AIT502,150.0,150.0,0.954177897574124,0.000509178614498191,0.9536687189596258,371,False,Attack_22,AIT502_ATTACK_RANGE_002
Attack_31,AIT502,139.5796,140.041,0.9625850340136054,0.014655541292255029,0.9479294927213504,294,False,Attack_31,AIT502_ATTACK_RANGE_003
Attack_27,AIT502,141.938,142.6557,0.9733924611973392,0.0408444114166185,0.9325480497807207,1353,False,Attack_27,AIT502_ATTACK_RANGE_004
Attack_34,AIT502,136.888,137.093,0.9506172839506173,0.028054779949474803,0.9225625040011425,81,False,Attack_34,AIT502_ATTACK_RANGE_005
Attack_35,AIT502,136.5035,137.0418,0.9558441558441558,0.03359159271869387,0.922252563125462,385,False,Attack_35,AIT502_ATTACK_RANGE_006
Attack_29,AIT502,138.1697,138.6824,1.0,0.08098113809891191,0.9190188619010881,97,False,Attack_29,AIT502_ATTACK_RANGE_007
Attack_20,AIT502,145.719075,146.1164,0.9335443037974683,0.03385068236553385,0.8996936214319344,316,False,Attack_20,AIT502_ATTACK_RANGE_008
Attack_16,AIT502,142.9377,143.5017,0.9683257918552036,0.07262778593353797,0.8956980059216657,221,False,Attack_16,AIT502_ATTACK_RANGE_009
Attack_13,AIT502,143.3735,143.8349,0.9518716577540107,0.06688178351422705,0.8849898742397837,187,False,Attack_13,AIT502_ATTACK_RANGE_010
Attack_36,AIT502,137.3238,137.9134,0.9166666666666666,0.033795028721748,0.8828716379449186,432,False,Attack_36,AIT502_ATTACK_RANGE_011
Attack_19,AIT502,145.6806,146.2702,0.9326923076923077,0.05384492235444794,0.8788473853378598,208,False,Attack_19,AIT502_ATTACK_RANGE_012
Attack_2,AIT502,144.0144,144.8603,0.9915492957746479,0.1263561115426857,0.8651931842319622,355,False,Attack_2,AIT502_ATTACK_RANGE_013
Attack_41,AIT502,138.1697,138.9387,0.926865671641791,0.09692951081274417,0.8299361608290469,1340,False,Attack_41,AIT502_ATTACK_RANGE_014
Attack_25,AIT503,271.3407,271.4368,0.9816326530612245,0.008226691042047532,0.973405962019177,490,False,Attack_25,AIT503_ATTACK_RANGE_000
Attack_10,AIT503,270.2192,270.9562,1.0,0.029580914851696043,0.970419085148304,128,False,Attack_10,AIT503_ATTACK_RANGE_001
Attack_19,AIT503,254.5181,254.7744,0.9759615384615384,0.008831848017503603,0.9671296904440349,208,False,Attack_19,AIT503_ATTACK_RANGE_002
Attack_3,AIT503,263.7465,263.9708,0.9739413680781759,0.017282431311699084,0.9566589367664768,307,False,Attack_3,AIT503_ATTACK_RANGE_003
Attack_23,AIT503,269.9949,270.4114,0.9605734767025089,0.012928248222365869,0.9476452284801431,558,False,Attack_23,AIT503_ATTACK_RANGE_004
Attack_38,AIT503,260.7665,260.9267,0.9511111111111111,0.023677958410079816,0.9274331527010313,225,False,Attack_38,AIT503_ATTACK_RANGE_005
Attack_17,AIT503,260.2538,260.5742,0.9372822299651568,0.012826040094848027,0.9244561898703088,574,False,Attack_17,AIT503_ATTACK_RANGE_006
Attack_4,AIT503,262.2404,262.657,0.9391025641025641,0.016027184673837427,0.9230753794287266,312,False,Attack_4,AIT503_ATTACK_RANGE_007
Attack_40,AIT503,245.36657,248.9105,0.9201680672268907,0.004219183935056612,0.9159488832918341,238,False,Attack_40,AIT503_ATTACK_RANGE_008
Attack_39,AIT503,244.9052,249.4553,0.9221183800623053,0.007814799946473973,0.9143035801158313,321,False,Attack_39,AIT503_ATTACK_RANGE_009
Attack_6,AIT503,261.67006,262.0161,0.9490445859872612,0.034879693037384425,0.9141648929498767,157,False,Attack_6,AIT503_ATTACK_RANGE_010
Attack_16,AIT503,260.7344,261.0869,0.9411764705882353,0.03715467769918591,0.9040217928890494,221,False,Attack_16,AIT503_ATTACK_RANGE_011
Attack_1,AIT503,261.3432,262.3686,0.9521276595744681,0.08163210050360102,0.8704955590708671,752,False,Attack_1,AIT503_ATTACK_RANGE_012
Attack_34,AIT504,14.99615,15.18841,1.0,0.07137348756814253,0.9286265124318575,81,False,Attack_34,AIT504_ATTACK_RANGE_000
Attack_24,AIT504,13.95796,14.22712,0.9688715953307393,0.04998797723690187,0.9188836180938375,257,False,Attack_24,AIT504_ATTACK_RANGE_001
Attack_23,AIT504,13.65035,13.95796,0.9551971326164874,0.055995475113122174,0.8992016575033652,558,False,Attack_23,AIT504_ATTACK_RANGE_002
Attack_8,AIT504,12.53525,13.38118,0.9300518134715026,0.03416048111827491,0.8958913323532276,772,False,Attack_8,AIT504_ATTACK_RANGE_003
Attack_16,AIT504,11.65086,11.88157,0.9592760180995475,0.06536767649806487,0.8939083416014827,221,False,Attack_16,AIT504_ATTACK_RANGE_004
Attack_33,AIT504,15.38067,15.76519,0.9803370786516854,0.09413340476828289,0.8862036738834025,356,False,Attack_33,AIT504_ATTACK_RANGE_005
Attack_17,AIT504,11.57396,11.92002,0.9512195121951219,0.06782172882086657,0.8833977833742553,574,False,Attack_17,AIT504_ATTACK_RANGE_006
Attack_32,AIT504,14.18867,14.53473,0.9334719334719335,0.06953366482999597,0.8639382686419375,481,False,Attack_32,AIT504_ATTACK_RANGE_007
Attack_3,AIT504,12.15073,12.41989,0.9576547231270358,0.10045747612295675,0.8571972470040791,307,False,Attack_3,AIT504_ATTACK_RANGE_008
Attack_37,AIT504,15.41912,21.10997,0.9973404255319149,0.1771911015813455,0.8201493239505695,376,False,Attack_37,AIT504_ATTACK_RANGE_009
Attack_35,AIT504,15.62676,16.30351,0.9064935064935065,0.08710222246052385,0.8193912840329827,385,False,Attack_35,AIT504_ATTACK_RANGE_010
Attack_29,DPIT301,2.061592,2.061592,0.9896907216494846,0.001755832823432387,0.9879348888260522,97,False,Attack_29,DPIT301_ATTACK_RANGE_000
Attack_8,DPIT301,45.0,45.0,0.9792746113989638,0.015143306062740424,0.9641313053362234,772,False,Attack_8,DPIT301_ATTACK_RANGE_001
Attack_30,FIT201,2.783584,2.8209272000000003,0.9060832443970117,0.04065416746033906,0.8654290769366727,937,False,Attack_30,FIT201_ATTACK_RANGE_000
Attack_10,FIT401,0.0,0.7,1.0,0.044517812450077215,0.9554821875499228,128,False,Attack_10,FIT401_ATTACK_RANGE_000
Attack_11,FIT401,0.0,0.0,0.9688195991091314,0.024464913929693584,0.9443546851794378,449,False,Attack_11,FIT401_ATTACK_RANGE_001
Attack_22,FIT401,1.207446,1.228334,0.9272237196765498,2.6798874447273214e-05,0.9271969208021026,371,False,Attack_22,FIT401_ATTACK_RANGE_002
Attack_22,FIT501,1.208408,1.231479,0.9433962264150944,0.00817365670641833,0.935222569708676,371,False,Attack_22,FIT501_ATTACK_RANGE_000
Attack_11,FIT504,0.0,0.0,0.9755011135857461,0.0435051158793673,0.9319959977063788,449,False,Attack_11,FIT504_ATTACK_RANGE_000
Attack_21,LIT101,700.0,700.0,0.9722703639514731,0.024953515319733756,0.9473168486317394,577,False,"Attack_21,Attack_30",LIT101_ATTACK_RANGE_000
Attack_1,LIT101,838.480135,869.81954,0.898936170212766,0.0019494232956083824,0.8969867469171575,752,False,Attack_1,LIT101_ATTACK_RANGE_001
Attack_28,LIT101,812.5203250000001,814.22,0.9065040650406504,0.027633430767565227,0.8788706342730852,738,False,Attack_28,LIT101_ATTACK_RANGE_002
Attack_38,LIT101,521.5514,523.7496,0.9111111111111111,0.03627772883799151,0.8748333822731196,225,False,Attack_38,LIT101_ATTACK_RANGE_003
Attack_37,LIT101,705.960825,810.7853250000001,0.898936170212766,0.09145001340123292,0.807486156811533,376,False,Attack_37,LIT101_ATTACK_RANGE_004
Attack_26,LIT301,801.0,801.0,0.9835640138408305,0.00046537092800437994,0.9830986429128261,1156,False,Attack_26,LIT301_ATTACK_RANGE_000
Attack_7,LIT301,1200.0,1200.0,0.9505813953488372,0.000374912966632746,0.9502064823822045,344,False,Attack_7,LIT301_ATTACK_RANGE_001
Attack_34,LIT301,844.8956,849.9023,0.9382716049382716,0.024943491556973806,0.9133281133812977,81,False,Attack_34,LIT301_ATTACK_RANGE_002
Attack_28,LIT301,1011.72,1016.286,0.9051490514905149,0.0051152971744072755,0.9000337543161077,738,False,Attack_28,LIT301_ATTACK_RANGE_003
Attack_20,LIT301,916.1914,932.8538,0.9050632911392406,0.04573187048434573,0.8593314206548949,316,False,Attack_20,LIT301_ATTACK_RANGE_004
Attack_31,LIT401,600.0,600.0,1.0,0.011660248181429182,0.9883397518185708,294,False,Attack_31,LIT401_ATTACK_RANGE_000
Attack_25,LIT401,1000.0,1000.0,0.9653061224489796,0.00037638455747929884,0.9649297378915003,490,False,Attack_25,LIT401_ATTACK_RANGE_001
Attack_28,LIT401,246.5906,406.8879849999997,0.9024390243902439,0.0,0.9024390243902439,738,False,Attack_28,LIT401_ATTACK_RANGE_002
Attack_39,PIT501,247.3725,247.8371,0.9470404984423676,0.03061688746152817,0.9164236109808395,321,False,Attack_39,PIT501_ATTACK_RANGE_000
Attack_24,PIT501,252.0027,252.5795,0.9299610894941635,0.058403911405594595,0.8715571780885688,257,False,Attack_24,PIT501_ATTACK_RANGE_001
Attack_32,PIT501,250.4807,250.9613,0.9085239085239085,0.039725843300631634,0.8687980652232768,481,False,Attack_32,PIT501_ATTACK_RANGE_002
Attack_1,PIT501,249.8718,250.5768,0.9388297872340425,0.08517896788866627,0.8536508193453762,752,False,Attack_1,PIT501_ATTACK_RANGE_003
Attack_17,PIT501,251.2337,252.1469,0.9181184668989547,0.06962707480060358,0.8484913920983511,574,False,Attack_17,PIT501_ATTACK_RANGE_004
Attack_8,PIT501,246.6996,248.1415,0.9132124352331606,0.08275992848241859,0.830452506750742,772,False,Attack_8,PIT501_ATTACK_RANGE_005
Attack_11,PIT502,0.0,0.0,0.9732739420935412,0.044391331202835886,0.9288826108907053,449,False,"Attack_11,Attack_22",PIT502_ATTACK_RANGE_000
Attack_28,PIT502,0.0,0.7689104,0.9525745257452575,0.04276280177546823,0.9098117239697893,738,False,Attack_28,PIT502_ATTACK_RANGE_001
Attack_23,PIT502,0.7849293,0.8169672,0.910394265232975,0.060628097392803275,0.8497661678401717,558,False,Attack_23,PIT502_ATTACK_RANGE_002
Attack_26,PIT503,183.8952,184.7122,0.9247404844290658,0.007938680536545305,0.9168018038925204,1156,False,Attack_26,PIT503_ATTACK_RANGE_000
Attack_24,PIT503,190.38070000000002,190.8805,0.9105058365758755,0.03219428785166582,0.8783115487242097,257,False,Attack_24,PIT503_ATTACK_RANGE_001
Attack_40,PIT503,134.5945,185.6896,0.9327731092436975,0.10152745139927366,0.8312456578444238,238,False,Attack_40,PIT503_ATTACK_RANGE_002
