class,condition,semantic_condition,train_attack_match,validation_attack_match,selected_gt_0_9
Normal,AIT402_ATTACK_RANGE_014,144.143 <= AIT402 <= 144.835,0.11280813332714358,0.11581709145427287,False
Normal,AIT502_ATTACK_RANGE_004,141.938 <= AIT502 <= 142.656,0.05236525695185924,0.05022488755622189,False
Normal,AIT402_ATTACK_RANGE_001,146.373 <= AIT402 <= 146.885,0.01620166194698482,0.016304347826086956,False
Normal,AIT201_ATTACK_RANGE_024,169.860 <= AIT201 <= 170.020,0.0887609674574068,0.08901799100449775,False
Normal,P201_EQ_2,P201 = 2,0.1852281695371617,0.18497001499250376,False
Normal,AIT203_ATTACK_RANGE_006,330.710 <= AIT203 <= 331.197,0.013369852838772574,0.013868065967016492,False
Normal,AIT201_LOW,AIT201 < 169.892,0.04530894573139594,0.04891304347826087,False
Normal,AIT504_ATTACK_RANGE_010,15.6268 <= AIT504 <= 16.3035,0.047165869736781024,0.04404047976011994,False
Normal,AIT502_ATTACK_RANGE_009,142.938 <= AIT502 <= 143.502,0.0794763474304814,0.07964767616191903,False
Normal,AIT503_ATTACK_RANGE_012,261.343 <= AIT503 <= 262.369,0.1045912446033146,0.1040104947526237,False
Normal,AIT501_ATTACK_RANGE_017,7.8600 <= AIT501 <= 7.8632,0.060350030175015085,0.06259370314842579,False
Normal,AIT502_ATTACK_RANGE_006,136.504 <= AIT502 <= 137.042,0.046655215635300125,0.04760119940029985,False
Normal,PIT503_LOW,PIT503 < 185.529,0.04930133234297386,0.047976011994003,False
Normal,PIT503_ATTACK_RANGE_002,134.595 <= PIT503 <= 185.690,0.06155703077851539,0.06128185907046477,False
Attack_1,AIT502_ATTACK_RANGE_004,141.938 <= AIT502 <= 142.656,0.0,0.0,False
Attack_1,AIT503_ATTACK_RANGE_012,261.343 <= AIT503 <= 262.369,0.9521276595744681,0.9627659574468085,True
Attack_1,LIT301_LOW,LIT301 < 800.115,0.16888297872340424,0.19680851063829788,False
Attack_1,LIT101_HIGH,LIT101 > 813.513,1.0,1.0,True
Attack_1,P101_EQ_1,P101 = 1,0.08377659574468085,0.07446808510638298,False
Attack_1,PIT501_ATTACK_RANGE_002,250.481 <= PIT501 <= 250.961,0.125,0.13297872340425532,False
Attack_1,AIT202_ATTACK_RANGE_008,8.3920 <= AIT202 <= 8.4003,0.8457446808510638,0.8563829787234043,False
Attack_1,AIT201_ATTACK_RANGE_023,263.298 <= AIT201 <= 263.650,0.005319148936170213,0.005319148936170213,False
Attack_1,AIT201_ATTACK_RANGE_019,262.305 <= AIT201 <= 262.689,0.9454787234042553,0.9414893617021277,True
Attack_1,AIT402_ATTACK_RANGE_011,154.550 <= AIT402 <= 155.063,0.37898936170212766,0.4734042553191489,False
Attack_1,AIT203_ATTACK_RANGE_006,330.710 <= AIT203 <= 331.197,0.11702127659574468,0.13297872340425532,False
Attack_1,AIT201_LOW,AIT201 < 169.892,0.0,0.0,False
Attack_2,AIT402_ATTACK_RANGE_005,155.037 <= AIT402 <= 155.268,0.2563380281690141,0.14772727272727273,False
Attack_2,AIT202_ATTACK_RANGE_006,8.4317 <= AIT202 <= 8.4493,0.0,0.0,False
Attack_2,FIT201_ATTACK_RANGE_000,2.7836 <= FIT201 <= 2.8209,0.952112676056338,1.0,True
Attack_2,LIT101_LOW,LIT101 < 494.153,0.2056338028169014,0.125,False
Attack_2,MV101_EQ_1,MV101 = 1,0.7633802816901408,0.8636363636363636,False
Attack_2,AIT201_ATTACK_RANGE_023,263.298 <= AIT201 <= 263.650,0.0,0.0,False
Attack_2,AIT201_ATTACK_RANGE_019,262.305 <= AIT201 <= 262.689,0.952112676056338,0.9886363636363636,True
Attack_2,FIT201_HIGH,FIT201 > 2.4645,0.9746478873239437,1.0,True
Attack_2,AIT202_ATTACK_RANGE_011,8.4279 <= AIT202 <= 8.4387,0.0,0.0,False
Attack_2,MV301_EQ_2,MV301 = 2,0.07323943661971831,0.07954545454545454,False
Attack_2,LIT301_ATTACK_RANGE_004,916.191 <= LIT301 <= 932.854,0.29859154929577464,0.2727272727272727,False
Attack_2,AIT202_ATTACK_RANGE_013,8.3775 <= AIT202 <= 8.3900,0.9098591549295775,0.8636363636363636,True
Attack_3,AIT201_HIGH,AIT201 > 263.362,0.30618892508143325,0.3157894736842105,False
Attack_3,AIT201_ATTACK_RANGE_023,263.298 <= AIT201 <= 263.650,1.0,1.0,True
Attack_3,AIT203_ATTACK_RANGE_015,316.557 <= AIT203 <= 318.713,0.9218241042345277,0.9605263157894737,True
Attack_3,AIT503_ATTACK_RANGE_003,263.747 <= AIT503 <= 263.971,0.9739413680781759,0.9342105263157895,True
Attack_3,AIT501_ATTACK_RANGE_000,7.8796 <= AIT501 <= 7.8821,0.990228013029316,1.0,True
Attack_3,AIT202_ATTACK_RANGE_006,8.4317 <= AIT202 <= 8.4493,0.8599348534201955,0.8552631578947368,False
Attack_3,AIT201_ATTACK_RANGE_019,262.305 <= AIT201 <= 262.689,0.0,0.0,False
Attack_3,P302_EQ_1,P302 = 1,0.8078175895765473,0.8947368421052632,False
Attack_3,LIT101_HIGH,LIT101 > 813.513,0.31921824104234525,0.34210526315789475,False
Attack_3,AIT203_ATTACK_RANGE_007,304.947 <= AIT203 <= 305.178,0.0,0.0,False
Attack_3,LIT401_HIGH,LIT401 > 984.248,0.38436482084690554,0.27631578947368424,False
Attack_4,AIT203_ATTACK_RANGE_006,330.710 <= AIT203 <= 331.197,0.967948717948718,0.9358974358974359,True
Attack_4,AIT201_LOW,AIT201 < 169.892,0.0,0.0,False
Attack_4,AIT402_ATTACK_RANGE_011,154.550 <= AIT402 <= 155.063,0.9711538461538461,0.9871794871794872,True
Attack_4,AIT502_ATTACK_RANGE_004,141.938 <= AIT502 <= 142.656,0.0,0.0,False
Attack_4,AIT503_ATTACK_RANGE_012,261.343 <= AIT503 <= 262.369,0.532051282051282,0.41025641025641024,False
Attack_4,AIT203_ATTACK_RANGE_007,304.947 <= AIT203 <= 305.178,0.0,0.0,False
Attack_4,AIT201_ATTACK_RANGE_001,263.138 <= AIT201 <= 263.202,0.6634615384615384,0.6923076923076923,False
Attack_4,AIT501_ATTACK_RANGE_025,7.6825 <= AIT501 <= 7.7719,0.0,0.0,False
Attack_4,AIT501_ATTACK_RANGE_021,7.8725 <= AIT501 <= 7.8786,0.7115384615384616,0.7692307692307693,False
Attack_4,AIT202_ATTACK_RANGE_003,8.3660 <= AIT202 <= 8.3727,0.9807692307692307,0.9871794871794872,True
Attack_4,AIT203_ATTACK_RANGE_017,304.819 <= AIT203 <= 307.255,0.0,0.0,False
Attack_4,AIT502_ATTACK_RANGE_014,138.170 <= AIT502 <= 138.939,0.0,0.0,False
Attack_4,AIT201_ATTACK_RANGE_008,263.106 <= AIT201 <= 263.170,0.6858974358974359,0.7051282051282052,False
Attack_4,AIT201_HIGH,AIT201 > 263.362,0.019230769230769232,0.01282051282051282,False
Attack_4,AIT201_ATTACK_RANGE_023,263.298 <= AIT201 <= 263.650,0.10576923076923077,0.14102564102564102,False
Attack_4,AIT502_ATTACK_RANGE_009,142.938 <= AIT502 <= 143.502,0.0,0.0,False
Attack_4,AIT502_ATTACK_RANGE_006,136.504 <= AIT502 <= 137.042,0.0,0.0,False
Attack_6,AIT202_ATTACK_RANGE_006,8.4317 <= AIT202 <= 8.4493,0.0,0.0,False
Attack_6,AIT201_HIGH,AIT201 > 263.362,0.9745222929936306,0.9743589743589743,True
Attack_6,P203_EQ_1,P203 = 1,0.9171974522292994,0.8461538461538461,True
Attack_6,AIT402_ATTACK_RANGE_005,155.037 <= AIT402 <= 155.268,0.9554140127388535,1.0,True
Attack_6,AIT402_ATTACK_RANGE_011,154.550 <= AIT402 <= 155.063,0.17197452229299362,0.2564102564102564,False
Attack_6,AIT502_ATTACK_RANGE_004,141.938 <= AIT502 <= 142.656,0.0,0.0,False
Attack_6,AIT503_ATTACK_RANGE_012,261.343 <= AIT503 <= 262.369,1.0,1.0,True
Attack_6,AIT402_ATTACK_RANGE_000,149.680 <= AIT402 <= 150.551,0.0,0.0,False
Attack_6,FIT401_HIGH,FIT401 > 1.7288,0.01910828025477707,0.02564102564102564,False
Attack_6,DPIT301_HIGH,DPIT301 > 20.2798,0.0,0.0,False
Attack_6,FIT301_HIGH,FIT301 > 2.2146,0.10191082802547771,0.1282051282051282,False
Attack_6,AIT203_ATTACK_RANGE_007,304.947 <= AIT203 <= 305.178,0.0,0.0,False
Attack_6,AIT201_ATTACK_RANGE_001,263.138 <= AIT201 <= 263.202,0.025477707006369428,0.02564102564102564,False
Attack_6,P101_EQ_2,P101 = 2,1.0,1.0,True
Attack_6,AIT201_ATTACK_RANGE_023,263.298 <= AIT201 <= 263.650,0.9745222929936306,0.9743589743589743,True
Attack_7,FIT201_HIGH,FIT201 > 2.4645,0.0,0.0,False
Attack_7,AIT202_ATTACK_RANGE_011,8.4279 <= AIT202 <= 8.4387,0.9215116279069767,0.8705882352941177,True
Attack_7,AIT202_ATTACK_RANGE_008,8.3920 <= AIT202 <= 8.4003,0.01744186046511628,0.011764705882352941,False
Attack_7,AIT202_ATTACK_RANGE_007,8.3843 <= AIT202 <= 8.3887,0.005813953488372093,0.0,False
Attack_7,LIT301_LOW,LIT301 < 800.115,0.04941860465116279,0.047058823529411764,False
Attack_7,AIT202_ATTACK_RANGE_006,8.4317 <= AIT202 <= 8.4493,0.8808139534883721,0.8117647058823529,False
Attack_7,AIT201_HIGH,AIT201 > 263.362,1.0,1.0,True
Attack_7,AIT203_ATTACK_RANGE_015,316.557 <= AIT203 <= 318.713,0.8255813953488372,0.8,False
Attack_7,AIT203_ATTACK_RANGE_017,304.819 <= AIT203 <= 307.255,0.0,0.0,False
Attack_7,AIT201_ATTACK_RANGE_023,263.298 <= AIT201 <= 263.650,0.46511627906976744,0.4823529411764706,False
Attack_7,LIT301_ATTACK_RANGE_004,916.191 <= LIT301 <= 932.854,0.0,0.0,False
Attack_7,LIT301_HIGH,LIT301 > 1010.758,0.9505813953488372,0.9529411764705882,True
Attack_7,LIT301_ATTACK_RANGE_001,1200.000 <= LIT301 <= 1200.000,0.9505813953488372,0.9529411764705882,True
Attack_8,AIT502_ATTACK_RANGE_004,141.938 <= AIT502 <= 142.656,0.16968911917098445,0.203125,False
Attack_8,AIT402_ATTACK_RANGE_011,154.550 <= AIT402 <= 155.063,0.11658031088082901,0.09375,False
Attack_8,MV304_EQ_2,MV304 = 2,0.5595854922279793,0.4791666666666667,False
Attack_8,LIT401_LOW,LIT401 < 738.349,0.5349740932642487,0.5364583333333334,False
Attack_8,AIT402_ATTACK_RANGE_005,155.037 <= AIT402 <= 155.268,0.08808290155440414,0.11458333333333333,False
Attack_8,AIT503_ATTACK_RANGE_004,269.995 <= AIT503 <= 270.411,0.022020725388601035,0.015625,False
Attack_8,DPIT301_HIGH,DPIT301 > 20.2798,0.9792746113989638,0.984375,True
Attack_8,DPIT301_ATTACK_RANGE_001,45.0000 <= DPIT301 <= 45.0000,0.9792746113989638,0.984375,True
Attack_8,DPIT301_ATTACK_RANGE_000,2.0616 <= DPIT301 <= 2.0616,0.0,0.0,False
Attack_8,LIT301_ATTACK_RANGE_002,844.896 <= LIT301 <= 849.902,0.010362694300518135,0.010416666666666666,False
Attack_10,AIT502_ATTACK_RANGE_004,141.938 <= AIT502 <= 142.656,0.0,0.0,False
Attack_10,AIT503_ATTACK_RANGE_004,269.995 <= AIT503 <= 270.411,0.21875,0.15625,False
Attack_10,FIT401_ATTACK_RANGE_000,0.000000 <= FIT401 <= 0.700000,1.0,1.0,True
Attack_10,AIT402_ATTACK_RANGE_004,146.065 <= AIT402 <= 146.834,0.0,0.0,False
Attack_10,AIT402_HIGH,AIT402 > 157.190,0.8828125,0.84375,False
Attack_10,AIT402_NORMAL,143.861 <= AIT402 <= 157.190,0.1171875,0.15625,False
Attack_10,AIT203_ATTACK_RANGE_007,304.947 <= AIT203 <= 305.178,0.0,0.0,False
Attack_10,AIT201_ATTACK_RANGE_001,263.138 <= AIT201 <= 263.202,1.0,1.0,True
Attack_10,FIT401_LOW,FIT401 < 1.7070,1.0,1.0,True
Attack_10,AIT402_ATTACK_RANGE_009,148.398 <= AIT402 <= 148.987,0.0,0.0,False
Attack_10,FIT601_HIGH,FIT601 > 0.000128,0.0,0.0,False
Attack_10,AIT402_ATTACK_RANGE_013,143.655 <= AIT402 <= 144.450,0.0,0.0,False
Attack_10,UV401_EQ_1,UV401 = 1,0.125,0.0625,False
Attack_10,FIT401_ATTACK_RANGE_001,0.000000 <= FIT401 <= 0.000000,0.125,0.0625,False
Attack_11,AIT402_HIGH,AIT402 > 157.190,0.9755011135857461,0.9732142857142857,True
Attack_11,PIT501_LOW,PIT501 < 246.219,1.0,1.0,True
Attack_11,FIT504_ATTACK_RANGE_000,0.000000 <= FIT504 <= 0.000000,0.9755011135857461,0.9732142857142857,True
Attack_11,AIT501_ATTACK_RANGE_017,7.8600 <= AIT501 <= 7.8632,0.011135857461024499,0.0,False
Attack_11,PIT503_LOW,PIT503 < 185.529,1.0,1.0,True
Attack_11,AIT504_ATTACK_RANGE_010,15.6268 <= AIT504 <= 16.3035,0.0556792873051225,0.03571428571428571,False
Attack_11,AIT504_HIGH,AIT504 > 15.7652,0.3897550111358575,0.3125,False
Attack_11,P302_EQ_1,P302 = 1,0.11804008908685969,0.14285714285714285,False
Attack_11,FIT401_ATTACK_RANGE_000,0.000000 <= FIT401 <= 0.700000,0.9688195991091314,0.9642857142857143,True
Attack_11,MV303_EQ_2,MV303 = 2,0.08908685968819599,0.09821428571428571,False
Attack_13,AIT402_ATTACK_RANGE_003,151.987 <= AIT402 <= 152.627,0.9893048128342246,1.0,True
Attack_13,AIT203_ATTACK_RANGE_003,332.453 <= AIT203 <= 332.735,0.9732620320855615,0.9782608695652174,True
Attack_13,AIT201_ATTACK_RANGE_006,260.254 <= AIT201 <= 260.382,0.9679144385026738,0.9130434782608695,True
Attack_13,AIT202_ATTACK_RANGE_008,8.3920 <= AIT202 <= 8.4003,0.9732620320855615,0.9782608695652174,True
Attack_13,LIT301_ATTACK_RANGE_004,916.191 <= LIT301 <= 932.854,0.43315508021390375,0.6086956521739131,False
Attack_13,AIT504_ATTACK_RANGE_010,15.6268 <= AIT504 <= 16.3035,0.0,0.0,False
Attack_13,AIT502_ATTACK_RANGE_009,142.938 <= AIT502 <= 143.502,0.16042780748663102,0.17391304347826086,False
Attack_13,AIT504_ATTACK_RANGE_004,11.6509 <= AIT504 <= 11.8816,0.8716577540106952,0.782608695652174,False
Attack_13,PIT501_ATTACK_RANGE_004,251.234 <= PIT501 <= 252.147,0.6898395721925134,0.6521739130434783,False
Attack_13,LIT301_LOW,LIT301 < 800.115,0.0,0.0,False
Attack_13,FIT401_LOW,FIT401 < 1.7070,0.0053475935828877,0.021739130434782608,False
Attack_13,AIT402_ATTACK_RANGE_009,148.398 <= AIT402 <= 148.987,0.0,0.0,False
Attack_16,AIT501_ATTACK_RANGE_013,7.8572 <= AIT501 <= 7.8597,0.9366515837104072,0.8909090909090909,True
Attack_16,PIT501_ATTACK_RANGE_000,247.373 <= PIT501 <= 247.837,0.0,0.0,False
Attack_16,AIT402_ATTACK_RANGE_003,151.987 <= AIT402 <= 152.627,0.9638009049773756,0.9636363636363636,True
Attack_16,AIT504_ATTACK_RANGE_010,15.6268 <= AIT504 <= 16.3035,0.0,0.0,False
Attack_16,AIT502_ATTACK_RANGE_009,142.938 <= AIT502 <= 143.502,0.9683257918552036,0.9818181818181818,True
Attack_16,AIT503_ATTACK_RANGE_011,260.734 <= AIT503 <= 261.087,0.9411764705882353,0.9090909090909091,True
Attack_16,FIT201_HIGH,FIT201 > 2.4645,0.746606334841629,0.8181818181818182,False
Attack_16,AIT202_ATTACK_RANGE_011,8.4279 <= AIT202 <= 8.4387,0.013574660633484163,0.01818181818181818,False
Attack_16,AIT502_ATTACK_RANGE_006,136.504 <= AIT502 <= 137.042,0.0,0.0,False
Attack_16,AIT504_ATTACK_RANGE_004,11.6509 <= AIT504 <= 11.8816,0.9592760180995475,0.9636363636363636,True
Attack_16,AIT504_ATTACK_RANGE_006,11.5740 <= AIT504 <= 11.9200,0.9864253393665159,0.9818181818181818,True
Attack_16,PIT501_ATTACK_RANGE_004,251.234 <= PIT501 <= 252.147,0.8280542986425339,0.8363636363636363,False
Attack_16,LIT301_ATTACK_RANGE_004,916.191 <= LIT301 <= 932.854,0.0,0.0,False
Attack_16,LIT301_LOW,LIT301 < 800.115,0.8914027149321267,0.8545454545454545,False
Attack_17,MV301_EQ_2,MV301 = 2,0.6219512195121951,0.6643356643356644,False
Attack_17,AIT503_ATTACK_RANGE_006,260.254 <= AIT503 <= 260.574,0.9372822299651568,0.8811188811188811,True
Attack_17,AIT501_ATTACK_RANGE_025,7.6825 <= AIT501 <= 7.7719,0.0,0.0,False
Attack_17,AIT501_ATTACK_RANGE_017,7.8600 <= AIT501 <= 7.8632,0.9233449477351916,0.958041958041958,True
Attack_17,AIT501_ATTACK_RANGE_020,7.7940 <= AIT501 <= 7.7985,0.0,0.0,False
Attack_17,PIT501_ATTACK_RANGE_004,251.234 <= PIT501 <= 252.147,0.9181184668989547,0.9230769230769231,True
Attack_17,AIT504_ATTACK_RANGE_010,15.6268 <= AIT504 <= 16.3035,0.0,0.0,False
Attack_17,AIT502_ATTACK_RANGE_009,142.938 <= AIT502 <= 143.502,0.3327526132404181,0.3776223776223776,False
Attack_17,P302_EQ_1,P302 = 1,0.6498257839721254,0.6783216783216783,False
Attack_17,AIT501_ATTACK_RANGE_009,7.8229 <= AIT501 <= 7.8258,0.0,0.0,False
Attack_17,AIT203_ATTACK_RANGE_006,330.710 <= AIT203 <= 331.197,0.6393728222996515,0.5454545454545454,False
Attack_17,AIT201_LOW,AIT201 < 169.892,0.0,0.0,False
Attack_19,AIT501_ATTACK_RANGE_024,7.7498 <= AIT501 <= 7.7610,0.0,0.0,False
Attack_19,AIT504_ATTACK_RANGE_009,15.4191 <= AIT504 <= 21.1100,0.9086538461538461,0.9411764705882353,True
Attack_19,AIT503_ATTACK_RANGE_002,254.518 <= AIT503 <= 254.774,0.9759615384615384,1.0,True
Attack_19,PIT501_ATTACK_RANGE_004,251.234 <= PIT501 <= 252.147,0.0,0.0,False
Attack_19,PIT501_LOW,PIT501 < 246.219,0.0,0.0,False
Attack_19,AIT202_ATTACK_RANGE_007,8.3843 <= AIT202 <= 8.3887,0.5721153846153846,0.5686274509803921,False
Attack_19,AIT201_ATTACK_RANGE_020,251.186 <= AIT201 <= 251.346,0.9423076923076923,0.9607843137254902,True
Attack_19,P201_EQ_2,P201 = 2,0.0,0.0,False
Attack_19,MV304_EQ_2,MV304 = 2,0.3269230769230769,0.39215686274509803,False
Attack_19,P302_EQ_1,P302 = 1,0.41346153846153844,0.5294117647058824,False
Attack_19,AIT504_ATTACK_RANGE_010,15.6268 <= AIT504 <= 16.3035,0.9086538461538461,0.9411764705882353,True
Attack_19,AIT502_ATTACK_RANGE_009,142.938 <= AIT502 <= 143.502,0.0,0.0,False
Attack_20,LIT301_ATTACK_RANGE_004,916.191 <= LIT301 <= 932.854,0.9050632911392406,0.8860759493670886,True
Attack_20,AIT203_ATTACK_RANGE_010,333.479 <= AIT203 <= 333.632,0.9367088607594937,0.9240506329113924,True
Attack_20,AIT503_ATTACK_RANGE_006,260.254 <= AIT503 <= 260.574,0.2310126582278481,0.27848101265822783,False
Attack_20,AIT501_ATTACK_RANGE_025,7.6825 <= AIT501 <= 7.7719,0.0,0.0,False
Attack_20,LIT301_LOW,LIT301 < 800.115,0.0,0.0,False
Attack_20,AIT402_ATTACK_RANGE_011,154.550 <= AIT402 <= 155.063,0.060126582278481014,0.0759493670886076,False
Attack_20,AIT202_ATTACK_RANGE_007,8.3843 <= AIT202 <= 8.3887,0.9177215189873418,0.8607594936708861,True
Attack_20,AIT201_ATTACK_RANGE_020,251.186 <= AIT201 <= 251.346,0.9240506329113924,0.9240506329113924,True
Attack_20,P201_EQ_2,P201 = 2,0.0,0.0,False
Attack_20,AIT502_ATTACK_RANGE_004,141.938 <= AIT502 <= 142.656,0.0,0.0,False
Attack_20,AIT503_ATTACK_RANGE_012,261.343 <= AIT503 <= 262.369,0.12025316455696203,0.20253164556962025,False
Attack_21,AIT503_ATTACK_RANGE_006,260.254 <= AIT503 <= 260.574,0.0,0.0,False
Attack_21,AIT501_ATTACK_RANGE_009,7.8229 <= AIT501 <= 7.8258,0.9809358752166378,0.9652777777777778,True
Attack_21,LIT401_HIGH,LIT401 > 984.248,0.14558058925476602,0.1527777777777778,False
Attack_21,LIT101_ATTACK_RANGE_000,700.000 <= LIT101 <= 700.000,0.9722703639514731,0.9722222222222222,True
Attack_21,LIT401_ATTACK_RANGE_000,600.000 <= LIT401 <= 600.000,0.0,0.0,False
Attack_21,P102_EQ_2,P102 = 2,0.0,0.0,False
Attack_21,LIT401_LOW,LIT401 < 738.349,0.0,0.0,False
Attack_21,FIT601_HIGH,FIT601 > 0.000128,0.3847487001733102,0.3958333333333333,False
Attack_22,AIT201_ATTACK_RANGE_009,239.682 <= AIT201 <= 239.810,0.9514824797843666,0.9347826086956522,True
Attack_22,AIT203_HIGH,AIT203 > 333.863,1.0,1.0,True
Attack_22,FIT401_ATTACK_RANGE_000,0.000000 <= FIT401 <= 0.700000,0.0,0.0,False
Attack_22,AIT402_HIGH,AIT402 > 157.190,0.9137466307277629,0.9130434782608695,True
Attack_22,AIT504_ATTACK_RANGE_010,15.6268 <= AIT504 <= 16.3035,0.05390835579514825,0.06521739130434782,False
Attack_22,AIT504_HIGH,AIT504 > 15.7652,0.4555256064690027,0.3695652173913043,False
Attack_22,AIT202_ATTACK_RANGE_006,8.4317 <= AIT202 <= 8.4493,0.5849056603773585,0.6739130434782609,False
Attack_22,FIT201_ATTACK_RANGE_000,2.7836 <= FIT201 <= 2.8209,0.0,0.0,False
Attack_22,AIT502_ATTACK_RANGE_004,141.938 <= AIT502 <= 142.656,0.0,0.0,False
Attack_22,AIT503_ATTACK_RANGE_012,261.343 <= AIT503 <= 262.369,0.02425876010781671,0.010869565217391304,False
Attack_22,AIT201_HIGH,AIT201 > 263.362,0.0,0.0,False
Attack_22,PIT503_LOW,PIT503 < 185.529,1.0,1.0,True
Attack_22,PIT503_ATTACK_RANGE_002,134.595 <= PIT503 <= 185.690,1.0,1.0,True
Attack_22,FIT201_HIGH,FIT201 > 2.4645,0.40161725067385445,0.33695652173913043,False
Attack_22,AIT202_ATTACK_RANGE_011,8.4279 <= AIT202 <= 8.4387,0.9838274932614556,0.967391304347826,True
Attack_22,FIT504_ATTACK_RANGE_000,0.000000 <= FIT504 <= 0.000000,0.9703504043126685,0.9782608695652174,True
Attack_23,AIT502_ATTACK_RANGE_004,141.938 <= AIT502 <= 142.656,0.0,0.0,False
Attack_23,AIT503_ATTACK_RANGE_004,269.995 <= AIT503 <= 270.411,0.9605734767025089,0.9640287769784173,True
Attack_23,AIT501_ATTACK_RANGE_010,7.8011 <= AIT501 <= 7.8049,0.9336917562724014,0.8992805755395683,True
Attack_23,AIT502_ATTACK_RANGE_000,139.580 <= AIT502 <= 141.041,0.0,0.0,False
Attack_23,LIT401_LOW,LIT401 < 738.349,0.3172043010752688,0.302158273381295,False
Attack_23,DPIT301_HIGH,DPIT301 > 20.2798,0.9336917562724014,0.9784172661870504,True
Attack_23,DPIT301_ATTACK_RANGE_001,45.0000 <= DPIT301 <= 45.0000,0.9336917562724014,0.9784172661870504,True
Attack_23,P302_EQ_1,P302 = 1,1.0,1.0,True
Attack_23,LIT101_ATTACK_RANGE_004,705.961 <= LIT101 <= 810.785,0.23835125448028674,0.26618705035971224,False
Attack_24,P203_EQ_1,P203 = 1,1.0,1.0,True
Attack_24,AIT502_ATTACK_RANGE_004,141.938 <= AIT502 <= 142.656,0.7937743190661478,0.78125,False
Attack_24,AIT503_ATTACK_RANGE_004,269.995 <= AIT503 <= 270.411,0.0,0.0,False
Attack_24,AIT402_ATTACK_RANGE_000,149.680 <= AIT402 <= 150.551,0.9727626459143969,0.984375,True
Attack_24,LIT401_ATTACK_RANGE_000,600.000 <= LIT401 <= 600.000,0.0,0.0,False
Attack_24,FIT401_HIGH,FIT401 > 1.7288,0.0,0.0,False
Attack_24,AIT503_ATTACK_RANGE_012,261.343 <= AIT503 <= 262.369,0.0,0.0,False
Attack_24,AIT504_ATTACK_RANGE_010,15.6268 <= AIT504 <= 16.3035,0.0,0.0,False
Attack_24,AIT502_ATTACK_RANGE_009,142.938 <= AIT502 <= 143.502,0.023346303501945526,0.078125,False
Attack_24,AIT503_ATTACK_RANGE_006,260.254 <= AIT503 <= 260.574,0.0,0.0,False
Attack_24,AIT501_ATTACK_RANGE_009,7.8229 <= AIT501 <= 7.8258,0.8404669260700389,0.75,False
Attack_24,AIT502_ATTACK_RANGE_006,136.504 <= AIT502 <= 137.042,0.0,0.0,False
Attack_24,LIT401_HIGH,LIT401 > 984.248,0.43190661478599224,0.5,False
Attack_25,AIT501_ATTACK_RANGE_010,7.8011 <= AIT501 <= 7.8049,0.0,0.0,False
Attack_25,AIT502_ATTACK_RANGE_000,139.580 <= AIT502 <= 141.041,1.0,1.0,True
Attack_25,MV101_EQ_0,MV101 = 0,0.018367346938775512,0.0,False
Attack_25,MV101_EQ_1,MV101 = 1,0.9510204081632653,0.9754098360655737,True
Attack_25,LIT401_HIGH,LIT401 > 984.248,0.9653061224489796,0.9508196721311475,True
Attack_25,LIT401_ATTACK_RANGE_000,600.000 <= LIT401 <= 600.000,0.0,0.0,False
Attack_25,LIT401_LOW,LIT401 < 738.349,0.03469387755102041,0.04918032786885246,False
Attack_25,LIT101_LOW,LIT101 < 494.153,0.0,0.0,False
Attack_26,AIT202_ATTACK_RANGE_006,8.4317 <= AIT202 <= 8.4493,0.9645328719723183,0.9515570934256056,True
Attack_26,FIT201_ATTACK_RANGE_000,2.7836 <= FIT201 <= 2.8209,0.9852941176470589,0.9826989619377162,True
Attack_26,AIT502_ATTACK_RANGE_009,142.938 <= AIT502 <= 143.502,0.5268166089965398,0.5224913494809689,False
Attack_26,AIT502_ATTACK_RANGE_006,136.504 <= AIT502 <= 137.042,0.0,0.0,False
Attack_26,AIT201_ATTACK_RANGE_021,262.305 <= AIT201 <= 262.401,0.0,0.0,False
Attack_26,AIT402_ATTACK_RANGE_000,149.680 <= AIT402 <= 150.551,0.5942906574394463,0.6124567474048442,False
Attack_26,LIT401_ATTACK_RANGE_000,600.000 <= LIT401 <= 600.000,0.0,0.0,False
Attack_26,FIT401_HIGH,FIT401 > 1.7288,0.9775086505190311,0.9757785467128027,True
Attack_26,LIT301_HIGH,LIT301 > 1010.758,0.01643598615916955,0.020761245674740483,False
Attack_26,DPIT301_HIGH,DPIT301 > 20.2798,0.0,0.0,False
Attack_26,AIT501_ATTACK_RANGE_024,7.7498 <= AIT501 <= 7.7610,0.0,0.0,False
Attack_26,AIT504_ATTACK_RANGE_009,15.4191 <= AIT504 <= 21.1100,1.0,1.0,True
Attack_26,PIT501_LOW,PIT501 < 246.219,1.0,1.0,True
Attack_26,FIT201_HIGH,FIT201 > 2.4645,0.9852941176470589,0.986159169550173,True
Attack_26,AIT202_ATTACK_RANGE_011,8.4279 <= AIT202 <= 8.4387,0.6150519031141869,0.6020761245674741,False
Attack_26,AIT504_ATTACK_RANGE_010,15.6268 <= AIT504 <= 16.3035,0.889273356401384,0.8858131487889274,False
Attack_26,AIT504_HIGH,AIT504 > 15.7652,0.5821799307958477,0.6643598615916955,False
Attack_27,AIT201_ATTACK_RANGE_015,188.573 <= AIT201 <= 190.272,0.9334811529933481,0.9319526627218935,True
Attack_27,AIT203_ATTACK_RANGE_019,288.670 <= AIT203 <= 303.589,0.0,0.0,False
Attack_27,AIT202_ATTACK_RANGE_010,8.5361 <= AIT202 <= 8.5512,0.9076127124907613,0.908284023668639,True
Attack_27,AIT402_ATTACK_RANGE_000,149.680 <= AIT402 <= 150.551,0.0,0.0,False
Attack_27,LIT401_ATTACK_RANGE_000,600.000 <= LIT401 <= 600.000,0.3222468588322247,0.28994082840236685,False
Attack_27,AIT502_ATTACK_RANGE_004,141.938 <= AIT502 <= 142.656,0.9733924611973392,0.985207100591716,True
Attack_27,AIT503_ATTACK_RANGE_004,269.995 <= AIT503 <= 270.411,0.09977827050997783,0.09171597633136094,False
Attack_27,LIT401_LOW,LIT401 < 738.349,0.3222468588322247,0.28994082840236685,False
Attack_27,AIT503_ATTACK_RANGE_012,261.343 <= AIT503 <= 262.369,0.028085735402808575,0.014792899408284023,False
Attack_27,MV302_EQ_2,MV302 = 2,1.0,1.0,True
Attack_27,AIT503_ATTACK_RANGE_006,260.254 <= AIT503 <= 260.574,0.004434589800443459,0.011834319526627219,False
Attack_27,AIT501_ATTACK_RANGE_025,7.6825 <= AIT501 <= 7.7719,0.9963045084996305,0.9911242603550295,True
Attack_28,P302_EQ_1,P302 = 1,0.9986449864498645,1.0,True
Attack_28,AIT502_ATTACK_RANGE_004,141.938 <= AIT502 <= 142.656,0.008130081300813009,0.010869565217391304,False
Attack_28,AIT503_ATTACK_RANGE_006,260.254 <= AIT503 <= 260.574,0.0,0.0,False
Attack_28,AIT501_ATTACK_RANGE_025,7.6825 <= AIT501 <= 7.7719,0.10298102981029811,0.1358695652173913,False
Attack_28,AIT402_ATTACK_RANGE_002,147.517 <= AIT402 <= 147.911,0.0040650406504065045,0.005434782608695652,False
Attack_28,LIT401_LOW,LIT401 < 738.349,0.9742547425474255,0.9836956521739131,True
Attack_28,MV304_EQ_2,MV304 = 2,0.9796747967479674,0.9891304347826086,True
Attack_28,MV302_EQ_1,MV302 = 1,0.9986449864498645,1.0,True
Attack_28,AIT503_ATTACK_RANGE_004,269.995 <= AIT503 <= 270.411,0.028455284552845527,0.02717391304347826,False
Attack_29,DPIT301_ATTACK_RANGE_000,2.0616 <= DPIT301 <= 2.0616,0.9896907216494846,0.9166666666666666,True
Attack_29,LIT301_ATTACK_RANGE_002,844.896 <= LIT301 <= 849.902,0.0,0.0,False
Attack_29,AIT402_ATTACK_RANGE_001,146.373 <= AIT402 <= 146.885,0.9690721649484536,0.9583333333333334,True
Attack_29,AIT501_ATTACK_RANGE_021,7.8725 <= AIT501 <= 7.8786,0.0,0.0,False
Attack_29,AIT502_ATTACK_RANGE_014,138.170 <= AIT502 <= 138.939,1.0,1.0,True
Attack_29,AIT401_HIGH,AIT401 > 148.808,0.0,0.0,False
Attack_29,AIT402_ATTACK_RANGE_004,146.065 <= AIT402 <= 146.834,0.9381443298969072,0.875,True
Attack_29,AIT203_ATTACK_RANGE_019,288.670 <= AIT203 <= 303.589,1.0,1.0,True
Attack_29,AIT201_ATTACK_RANGE_013,169.892 <= AIT201 <= 169.924,0.0,0.0,False
Attack_29,P201_EQ_2,P201 = 2,0.0,0.0,False
Attack_30,AIT402_ATTACK_RANGE_004,146.065 <= AIT402 <= 146.834,0.9445037353255069,0.9444444444444444,True
Attack_30,FIT401_ATTACK_RANGE_000,0.000000 <= FIT401 <= 0.700000,0.0,0.0,False
Attack_30,AIT401_HIGH,AIT401 > 148.808,0.007470651013874066,0.0,False
Attack_30,LIT301_ATTACK_RANGE_004,916.191 <= LIT301 <= 932.854,0.13233724653148346,0.17094017094017094,False
Attack_30,FIT201_HIGH,FIT201 > 2.4645,0.9626467449306296,0.9743589743589743,True
Attack_30,AIT202_ATTACK_RANGE_011,8.4279 <= AIT202 <= 8.4387,0.0,0.0,False
Attack_30,LIT101_ATTACK_RANGE_000,700.000 <= LIT101 <= 700.000,0.959445037353255,0.9658119658119658,True
Attack_30,AIT402_ATTACK_RANGE_001,146.373 <= AIT402 <= 146.885,0.6744930629669157,0.6923076923076923,False
Attack_30,P102_EQ_2,P102 = 2,0.959445037353255,0.9658119658119658,True
Attack_30,AIT502_ATTACK_RANGE_004,141.938 <= AIT502 <= 142.656,0.0,0.0,False
Attack_30,AIT503_ATTACK_RANGE_012,261.343 <= AIT503 <= 262.369,0.09071504802561366,0.12393162393162394,False
Attack_31,AIT402_ATTACK_RANGE_000,149.680 <= AIT402 <= 150.551,0.0,0.0,False
Attack_31,LIT401_ATTACK_RANGE_000,600.000 <= LIT401 <= 600.000,1.0,1.0,True
Attack_31,LIT401_LOW,LIT401 < 738.349,1.0,1.0,True
Attack_31,AIT501_ATTACK_RANGE_010,7.8011 <= AIT501 <= 7.8049,0.0,0.0,False
Attack_31,AIT502_ATTACK_RANGE_000,139.580 <= AIT502 <= 141.041,1.0,1.0,True
Attack_31,AIT203_ATTACK_RANGE_019,288.670 <= AIT203 <= 303.589,1.0,1.0,True
Attack_31,AIT201_ATTACK_RANGE_013,169.892 <= AIT201 <= 169.924,0.0,0.0,False
Attack_31,P201_EQ_2,P201 = 2,0.0,0.0,False
Attack_31,AIT502_ATTACK_RANGE_004,141.938 <= AIT502 <= 142.656,0.0,0.0,False
Attack_31,AIT503_ATTACK_RANGE_012,261.343 <= AIT503 <= 262.369,0.16326530612244897,0.1643835616438356,False
Attack_31,LIT401_HIGH,LIT401 > 984.248,0.0,0.0,False
Attack_31,AIT202_ATTACK_RANGE_010,8.5361 <= AIT202 <= 8.5512,0.0,0.0,False
Attack_31,AIT402_ATTACK_RANGE_002,147.517 <= AIT402 <= 147.911,0.9489795918367347,0.9452054794520548,True
Attack_32,AIT501_ATTACK_RANGE_017,7.8600 <= AIT501 <= 7.8632,0.0,0.0,False
Attack_32,AIT501_ATTACK_RANGE_020,7.7940 <= AIT501 <= 7.7985,0.972972972972973,0.9583333333333334,True
Attack_32,AIT203_ATTACK_RANGE_008,291.028 <= AIT203 <= 292.130,0.39293139293139295,0.425,False
Attack_32,AIT203_ATTACK_RANGE_019,288.670 <= AIT203 <= 303.589,1.0,1.0,True
Attack_32,AIT201_ATTACK_RANGE_013,169.892 <= AIT201 <= 169.924,0.0,0.0,False
Attack_32,AIT503_ATTACK_RANGE_002,254.518 <= AIT503 <= 254.774,0.08731808731808732,0.058333333333333334,False
Attack_32,PIT501_ATTACK_RANGE_004,251.234 <= PIT501 <= 252.147,0.0,0.0,False
Attack_32,P201_EQ_2,P201 = 2,0.07276507276507277,0.05,False
Attack_32,AIT203_LOW,AIT203 < 294.540,0.8835758835758836,0.9,False
Attack_32,MV302_EQ_2,MV302 = 2,1.0,1.0,True
Attack_32,LIT301_HIGH,LIT301 > 1010.758,0.9313929313929314,0.95,True
Attack_32,DPIT301_HIGH,DPIT301 > 20.2798,0.0,0.0,False
Attack_32,AIT503_ATTACK_RANGE_006,260.254 <= AIT503 <= 260.574,0.0893970893970894,0.058333333333333334,False
Attack_33,LIT101_ATTACK_RANGE_004,705.961 <= LIT101 <= 810.785,0.8792134831460674,0.8977272727272727,False
Attack_33,LIT301_ATTACK_RANGE_004,916.191 <= LIT301 <= 932.854,0.351123595505618,0.3977272727272727,False
Attack_33,AIT202_ATTACK_RANGE_003,8.3660 <= AIT202 <= 8.3727,0.0,0.0,False
Attack_33,AIT203_ATTACK_RANGE_017,304.819 <= AIT203 <= 307.255,1.0,1.0,True
Attack_33,MV304_EQ_2,MV304 = 2,0.19382022471910113,0.20454545454545456,False
Attack_33,AIT203_ATTACK_RANGE_007,304.947 <= AIT203 <= 305.178,0.9466292134831461,0.9886363636363636,True
Attack_33,AIT201_ATTACK_RANGE_001,263.138 <= AIT201 <= 263.202,0.0,0.0,False
Attack_33,MV303_EQ_2,MV303 = 2,0.21348314606741572,0.22727272727272727,False
Attack_33,AIT203_ATTACK_RANGE_014,303.820 <= AIT203 <= 305.178,0.9859550561797753,1.0,True
Attack_33,AIT202_ATTACK_RANGE_013,8.3775 <= AIT202 <= 8.3900,0.0,0.0,False
Attack_34,DPIT301_ATTACK_RANGE_000,2.0616 <= DPIT301 <= 2.0616,0.0,0.0,False
Attack_34,LIT301_ATTACK_RANGE_002,844.896 <= LIT301 <= 849.902,0.9382716049382716,0.9,True
Attack_34,AIT402_ATTACK_RANGE_007,149.192 <= AIT402 <= 150.269,0.0,0.0,False
Attack_34,AIT402_ATTACK_RANGE_013,143.655 <= AIT402 <= 144.450,0.9506172839506173,1.0,True
Attack_34,AIT502_ATTACK_RANGE_009,142.938 <= AIT502 <= 143.502,0.0,0.0,False
Attack_34,AIT502_ATTACK_RANGE_006,136.504 <= AIT502 <= 137.042,0.8641975308641975,0.7,False
Attack_34,AIT402_ATTACK_RANGE_015,140.913 <= AIT402 <= 144.809,1.0,1.0,True
Attack_34,AIT401_NORMAL,148.803 <= AIT401 <= 148.808,1.0,1.0,True
Attack_34,AIT402_ATTACK_RANGE_008,143.655 <= AIT402 <= 143.989,0.9506172839506173,1.0,True
Attack_34,AIT203_ATTACK_RANGE_014,303.820 <= AIT203 <= 305.178,0.7654320987654321,0.85,False
Attack_34,AIT202_ATTACK_RANGE_013,8.3775 <= AIT202 <= 8.3900,0.0,0.0,False
Attack_34,LIT101_NORMAL,494.153 <= LIT101 <= 813.513,1.0,1.0,True
Attack_34,AIT203_ATTACK_RANGE_010,333.479 <= AIT203 <= 333.632,0.0,0.0,False
Attack_34,PIT503_LOW,PIT503 < 185.529,0.0,0.0,False
Attack_34,PIT503_ATTACK_RANGE_002,134.595 <= PIT503 <= 185.690,0.0,0.0,False
Attack_35,AIT504_ATTACK_RANGE_010,15.6268 <= AIT504 <= 16.3035,0.9064935064935065,0.9166666666666666,True
Attack_35,AIT504_HIGH,AIT504 > 15.7652,0.8077922077922078,0.8020833333333334,False
Attack_35,P201_EQ_2,P201 = 2,0.0,0.0,False
Attack_35,AIT203_ATTACK_RANGE_019,288.670 <= AIT203 <= 303.589,0.9974025974025974,1.0,True
Attack_35,AIT201_ATTACK_RANGE_013,169.892 <= AIT201 <= 169.924,0.0,0.0,False
Attack_35,AIT502_ATTACK_RANGE_009,142.938 <= AIT502 <= 143.502,0.0,0.0,False
Attack_35,AIT502_ATTACK_RANGE_006,136.504 <= AIT502 <= 137.042,0.9558441558441558,0.9791666666666666,True
Attack_35,AIT501_ATTACK_RANGE_024,7.7498 <= AIT501 <= 7.7610,0.0,0.0,False
Attack_35,AIT504_ATTACK_RANGE_009,15.4191 <= AIT504 <= 21.1100,0.9948051948051948,1.0,True
Attack_35,AIT202_ATTACK_RANGE_010,8.5361 <= AIT202 <= 8.5512,0.0,0.0,False
Attack_35,MV304_EQ_2,MV304 = 2,0.16883116883116883,0.22916666666666666,False
Attack_35,MV302_EQ_1,MV302 = 1,0.18181818181818182,0.25,False
Attack_35,AIT402_ATTACK_RANGE_015,140.913 <= AIT402 <= 144.809,1.0,1.0,True
Attack_36,AIT203_LOW,AIT203 < 294.540,1.0,1.0,True
Attack_36,P203_EQ_1,P203 = 1,1.0,1.0,True
Attack_36,LIT101_LOW,LIT101 < 494.153,0.8819444444444444,0.8611111111111112,False
Attack_36,LIT101_HIGH,LIT101 > 813.513,0.0,0.0,False
Attack_36,P101_EQ_1,P101 = 1,1.0,1.0,True
Attack_36,MV101_EQ_1,MV101 = 1,0.0,0.0,False
Attack_36,P102_EQ_2,P102 = 2,0.0,0.0,False
Attack_36,MV304_EQ_2,MV304 = 2,0.07175925925925926,0.08333333333333333,False
Attack_36,DPIT301_HIGH,DPIT301 > 20.2798,0.0,0.0,False
Attack_36,FIT301_HIGH,FIT301 > 2.2146,0.05092592592592592,0.027777777777777776,False
Attack_36,AIT503_LOW,AIT503 < 254.326,0.009259259259259259,0.0,False
Attack_37,AIT203_ATTACK_RANGE_008,291.028 <= AIT203 <= 292.130,0.3351063829787234,0.3225806451612903,False
Attack_37,AIT502_ATTACK_RANGE_004,141.938 <= AIT502 <= 142.656,0.0,0.0,False
Attack_37,AIT503_ATTACK_RANGE_012,261.343 <= AIT503 <= 262.369,0.11170212765957446,0.10752688172043011,False
Attack_37,LIT101_ATTACK_RANGE_004,705.961 <= LIT101 <= 810.785,0.898936170212766,0.9032258064516129,False
Attack_37,MV304_EQ_2,MV304 = 2,0.09042553191489362,0.0967741935483871,False
Attack_37,AIT503_ATTACK_RANGE_006,260.254 <= AIT503 <= 260.574,0.0797872340425532,0.043010752688172046,False
Attack_37,AIT501_ATTACK_RANGE_025,7.6825 <= AIT501 <= 7.7719,0.9574468085106383,0.9354838709677419,True
Attack_37,PIT503_ATTACK_RANGE_002,134.595 <= PIT503 <= 185.690,0.9122340425531915,0.9032258064516129,True
Attack_37,FIT201_HIGH,FIT201 > 2.4645,0.43882978723404253,0.4838709677419355,False
Attack_37,AIT202_ATTACK_RANGE_011,8.4279 <= AIT202 <= 8.4387,0.0,0.0,False
Attack_37,AIT504_ATTACK_RANGE_010,15.6268 <= AIT504 <= 16.3035,0.23670212765957446,0.22580645161290322,False
Attack_37,AIT504_HIGH,AIT504 > 15.7652,0.8351063829787234,0.8279569892473119,False
Attack_38,AIT203_ATTACK_RANGE_008,291.028 <= AIT203 <= 292.130,0.9422222222222222,0.9107142857142857,True
Attack_38,AIT201_ATTACK_RANGE_024,169.860 <= AIT201 <= 170.020,0.9955555555555555,0.9821428571428571,True
Attack_38,P201_EQ_2,P201 = 2,0.0,0.0,False
Attack_38,MV302_EQ_1,MV302 = 1,0.7422222222222222,0.7678571428571429,False
Attack_38,FIT401_ATTACK_RANGE_000,0.000000 <= FIT401 <= 0.700000,0.0,0.0,False
Attack_38,AIT402_HIGH,AIT402 > 157.190,0.8622222222222222,0.875,False
Attack_38,P302_EQ_1,P302 = 1,0.6177777777777778,0.6607142857142857,False
Attack_38,AIT203_LOW,AIT203 < 294.540,1.0,1.0,True
Attack_38,LIT101_ATTACK_RANGE_003,521.551 <= LIT101 <= 523.750,0.9111111111111111,0.9107142857142857,True
Attack_38,LIT101_LOW,LIT101 < 494.153,0.0,0.0,False
Attack_38,MV101_EQ_1,MV101 = 1,1.0,1.0,True
Attack_39,AIT202_ATTACK_RANGE_003,8.3660 <= AIT202 <= 8.3727,0.0,0.0,False
Attack_39,AIT203_ATTACK_RANGE_017,304.819 <= AIT203 <= 307.255,0.22429906542056074,0.3125,False
Attack_39,LIT101_LOW,LIT101 < 494.153,0.14641744548286603,0.225,False
Attack_39,PIT503_LOW,PIT503 < 185.529,0.006230529595015576,0.0125,False
Attack_39,PIT503_ATTACK_RANGE_002,134.595 <= PIT503 <= 185.690,0.3925233644859813,0.375,False
Attack_39,AIT501_ATTACK_RANGE_025,7.6825 <= AIT501 <= 7.7719,1.0,1.0,True
Attack_39,AIT501_ATTACK_RANGE_010,7.8011 <= AIT501 <= 7.8049,0.0,0.0,False
Attack_39,AIT502_ATTACK_RANGE_000,139.580 <= AIT502 <= 141.041,0.9158878504672897,0.875,True
Attack_39,AIT202_ATTACK_RANGE_007,8.3843 <= AIT202 <= 8.3887,0.0,0.0,False
Attack_39,LIT301_LOW,LIT301 < 800.115,0.29283489096573206,0.35,False
Attack_39,AIT501_ATTACK_RANGE_013,7.8572 <= AIT501 <= 7.8597,0.0,0.0,False
Attack_39,PIT501_ATTACK_RANGE_000,247.373 <= PIT501 <= 247.837,0.9470404984423676,0.9,True
Attack_39,AIT201_ATTACK_RANGE_020,251.186 <= AIT201 <= 251.346,0.0,0.0,False
Attack_39,P201_EQ_2,P201 = 2,1.0,1.0,True
Attack_39,AIT503_ATTACK_RANGE_006,260.254 <= AIT503 <= 260.574,0.0,0.0,False
Attack_40,PIT503_LOW,PIT503 < 185.529,0.8991596638655462,0.9152542372881356,False
Attack_40,PIT503_ATTACK_RANGE_002,134.595 <= PIT503 <= 185.690,0.9327731092436975,0.9830508474576272,True
Attack_40,AIT501_ATTACK_RANGE_025,7.6825 <= AIT501 <= 7.7719,0.46638655462184875,0.3559322033898305,False
Attack_40,AIT201_ATTACK_RANGE_020,251.186 <= AIT201 <= 251.346,0.0,0.0,False
Attack_40,P201_EQ_2,P201 = 2,1.0,1.0,True
Attack_40,AIT504_ATTACK_RANGE_010,15.6268 <= AIT504 <= 16.3035,0.012605042016806723,0.03389830508474576,False
Attack_40,AIT504_HIGH,AIT504 > 15.7652,0.7016806722689075,0.8305084745762712,False
Attack_40,AIT201_ATTACK_RANGE_024,169.860 <= AIT201 <= 170.020,0.0,0.0,False
Attack_40,UV401_EQ_1,UV401 = 1,0.865546218487395,0.8813559322033898,False
Attack_40,FIT401_ATTACK_RANGE_001,0.000000 <= FIT401 <= 0.000000,0.865546218487395,0.8983050847457628,False
Attack_40,AIT203_ATTACK_RANGE_019,288.670 <= AIT203 <= 303.589,0.5840336134453782,0.7288135593220338,False
Attack_40,AIT202_ATTACK_RANGE_010,8.5361 <= AIT202 <= 8.5512,0.0,0.0,False
Attack_41,LIT301_LOW,LIT301 < 800.115,0.826865671641791,0.826865671641791,False
Attack_41,AIT502_ATTACK_RANGE_004,141.938 <= AIT502 <= 142.656,0.0,0.0,False
Attack_41,AIT503_ATTACK_RANGE_012,261.343 <= AIT503 <= 262.369,0.08955223880597014,0.08358208955223881,False
Attack_41,AIT203_ATTACK_RANGE_006,330.710 <= AIT203 <= 331.197,0.0,0.0,False
Attack_41,AIT201_LOW,AIT201 < 169.892,1.0,1.0,True
Attack_41,AIT503_ATTACK_RANGE_006,260.254 <= AIT503 <= 260.574,0.0,0.0,False
Attack_41,AIT501_ATTACK_RANGE_025,7.6825 <= AIT501 <= 7.7719,1.0,1.0,True
Attack_41,AIT501_ATTACK_RANGE_021,7.8725 <= AIT501 <= 7.8786,0.0,0.0,False
Attack_41,AIT202_ATTACK_RANGE_003,8.3660 <= AIT202 <= 8.3727,0.0,0.0,False
Attack_41,AIT203_ATTACK_RANGE_017,304.819 <= AIT203 <= 307.255,0.9208955223880597,0.9343283582089552,True
Attack_41,AIT504_ATTACK_RANGE_010,15.6268 <= AIT504 <= 16.3035,0.48208955223880595,0.5134328358208955,False
Attack_41,AIT502_ATTACK_RANGE_009,142.938 <= AIT502 <= 143.502,0.0,0.0,False
Attack_41,LIT301_ATTACK_RANGE_004,916.191 <= LIT301 <= 932.854,0.0,0.0,False
Attack_41,AIT402_ATTACK_RANGE_007,149.192 <= AIT402 <= 150.269,0.0,0.0,False
Attack_41,AIT402_ATTACK_RANGE_013,143.655 <= AIT402 <= 144.450,0.29328358208955224,0.28955223880597014,False
