class,rank,final_logic_index,weight,level,stage,logical_type,expression,leaf_conditions
Normal,1,152,2.5866730213165283,h1,4,AND,(144.143 <= AIT402 <= 144.835 AND 144.143 <= AIT402 <= 144.835),AIT402_ATTACK_RANGE_014 | AIT402_ATTACK_RANGE_014
Normal,2,193,2.424717664718628,h1,5,AND,(141.938 <= AIT502 <= 142.656 AND 141.938 <= AIT502 <= 142.656),AIT502_ATTACK_RANGE_004 | AIT502_ATTACK_RANGE_004
Normal,3,147,2.41998028755188,h1,4,AND,(146.373 <= AIT402 <= 146.885 AND 146.373 <= AIT402 <= 146.885),AIT402_ATTACK_RANGE_001 | AIT402_ATTACK_RANGE_001
Normal,4,77,2.3952219486236572,h1,2,OR,(169.860 <= AIT201 <= 170.020 OR P201 = 2),AIT201_ATTACK_RANGE_024 | P201_EQ_2
Normal,5,83,2.310436487197876,h1,2,OR,(330.710 <= AIT203 <= 331.197 OR AIT201 < 169.892),AIT203_ATTACK_RANGE_006 | AIT201_LOW
Normal,6,224,2.167696475982666,h1,5,OR,(15.6268 <= AIT504 <= 16.3035 OR 142.938 <= AIT502 <= 143.502),AIT504_ATTACK_RANGE_010 | AIT502_ATTACK_RANGE_009
Normal,7,234,2.153653383255005,h1,5,OR,(141.938 <= AIT502 <= 142.656 OR 261.343 <= AIT503 <= 262.369),AIT502_ATTACK_RANGE_004 | AIT503_ATTACK_RANGE_012
Normal,8,204,2.1460516452789307,h1,5,AND,(7.8600 <= AIT501 <= 7.8632 AND 7.8600 <= AIT501 <= 7.8632),AIT501_ATTACK_RANGE_017 | AIT501_ATTACK_RANGE_017
Normal,9,238,2.1396782398223877,h1,5,OR,(142.938 <= AIT502 <= 143.502 OR 136.504 <= AIT502 <= 137.042),AIT502_ATTACK_RANGE_009 | AIT502_ATTACK_RANGE_006
Normal,10,216,2.121586561203003,h1,5,OR,(PIT503 < 185.529 OR 134.595 <= PIT503 <= 185.690),PIT503_LOW | PIT503_ATTACK_RANGE_002
Attack_1,1,234,6.125870704650879,h1,5,OR,(141.938 <= AIT502 <= 142.656 OR 261.343 <= AIT503 <= 262.369),AIT502_ATTACK_RANGE_004 | AIT503_ATTACK_RANGE_012
Attack_1,2,97,4.784797668457031,h1,3,AND,(LIT301 < 800.115 AND LIT301 < 800.115),LIT301_LOW | LIT301_LOW
Attack_1,3,13,4.59255838394165,h1,1,AND,(LIT101 > 813.513 AND LIT101 > 813.513),LIT101_HIGH | LIT101_HIGH
Attack_1,4,32,3.9973537921905518,h1,1,OR,(LIT101 > 813.513 OR LIT101 > 813.513),LIT101_HIGH | LIT101_HIGH
Attack_1,5,27,3.126375198364258,h1,1,OR,(P101 = 1 OR LIT101 > 813.513),P101_EQ_1 | LIT101_HIGH
Attack_1,6,218,3.1234045028686523,h1,5,OR,(250.481 <= PIT501 <= 250.961 OR 250.481 <= PIT501 <= 250.961),PIT501_ATTACK_RANGE_002 | PIT501_ATTACK_RANGE_002
Attack_1,7,95,2.8079311847686768,h1,2,OR,(8.3920 <= AIT202 <= 8.4003 OR 8.3920 <= AIT202 <= 8.4003),AIT202_ATTACK_RANGE_008 | AIT202_ATTACK_RANGE_008
Attack_1,8,90,2.7982707023620605,h1,2,OR,(263.298 <= AIT201 <= 263.650 OR 262.305 <= AIT201 <= 262.689),AIT201_ATTACK_RANGE_023 | AIT201_ATTACK_RANGE_019
Attack_1,9,171,2.72282075881958,h1,4,OR,(154.550 <= AIT402 <= 155.063 OR 154.550 <= AIT402 <= 155.063),AIT402_ATTACK_RANGE_011 | AIT402_ATTACK_RANGE_011
Attack_1,10,83,2.2765536308288574,h1,2,OR,(330.710 <= AIT203 <= 331.197 OR AIT201 < 169.892),AIT203_ATTACK_RANGE_006 | AIT201_LOW
Attack_2,1,167,6.396528244018555,h1,4,AND,(155.037 <= AIT402 <= 155.268 AND 155.037 <= AIT402 <= 155.268),AIT402_ATTACK_RANGE_005 | AIT402_ATTACK_RANGE_005
Attack_2,2,92,4.984882354736328,h1,2,OR,(8.4317 <= AIT202 <= 8.4493 OR 2.7836 <= FIT201 <= 2.8209),AIT202_ATTACK_RANGE_006 | FIT201_ATTACK_RANGE_000
Attack_2,3,28,4.559647560119629,h1,1,OR,(LIT101 < 494.153 OR MV101 = 1),LIT101_LOW | MV101_EQ_1
Attack_2,4,90,4.122394561767578,h1,2,OR,(263.298 <= AIT201 <= 263.650 OR 262.305 <= AIT201 <= 262.689),AIT201_ATTACK_RANGE_023 | AIT201_ATTACK_RANGE_019
Attack_2,5,78,3.4810259342193604,h1,2,OR,(FIT201 > 2.4645 OR 8.4279 <= AIT202 <= 8.4387),FIT201_HIGH | AIT202_ATTACK_RANGE_011
Attack_2,6,44,3.329630136489868,h1,1,OR,(LIT101 < 494.153 OR LIT101 < 494.153),LIT101_LOW | LIT101_LOW
Attack_2,7,112,3.290586471557617,h1,3,AND,(MV301 = 2 AND MV301 = 2),MV301_EQ_2 | MV301_EQ_2
Attack_2,8,110,3.1680502891540527,h1,3,AND,(916.191 <= LIT301 <= 932.854 AND 916.191 <= LIT301 <= 932.854),LIT301_ATTACK_RANGE_004 | LIT301_ATTACK_RANGE_004
Attack_2,9,76,2.9696621894836426,h1,2,OR,(8.3775 <= AIT202 <= 8.3900 OR 8.3775 <= AIT202 <= 8.3900),AIT202_ATTACK_RANGE_013 | AIT202_ATTACK_RANGE_013
Attack_2,10,31,2.6989643573760986,h1,1,OR,(LIT101 < 494.153 OR MV101 = 1),LIT101_LOW | MV101_EQ_1
Attack_3,1,89,6.768258094787598,h1,2,OR,(AIT201 > 263.362 OR 263.298 <= AIT201 <= 263.650),AIT201_HIGH | AIT201_ATTACK_RANGE_023
Attack_3,2,71,5.282078742980957,h1,2,AND,(316.557 <= AIT203 <= 318.713 AND 316.557 <= AIT203 <= 318.713),AIT203_ATTACK_RANGE_015 | AIT203_ATTACK_RANGE_015
Attack_3,3,208,4.282676696777344,h1,5,AND,(263.747 <= AIT503 <= 263.971 AND 7.8796 <= AIT501 <= 7.8821),AIT503_ATTACK_RANGE_003 | AIT501_ATTACK_RANGE_000
Attack_3,4,80,3.235010862350464,h1,2,OR,(8.4317 <= AIT202 <= 8.4493 OR AIT201 > 263.362),AIT202_ATTACK_RANGE_006 | AIT201_HIGH
Attack_3,5,90,2.927496910095215,h1,2,OR,(263.298 <= AIT201 <= 263.650 OR 262.305 <= AIT201 <= 262.689),AIT201_ATTACK_RANGE_023 | AIT201_ATTACK_RANGE_019
Attack_3,6,125,2.4489033222198486,h1,3,OR,(P302 = 1 OR P302 = 1),P302_EQ_1 | P302_EQ_1
Attack_3,7,143,2.419846773147583,h1,3,OR,(P302 = 1 OR P302 = 1),P302_EQ_1 | P302_EQ_1
Attack_3,8,13,2.409980058670044,h1,1,AND,(LIT101 > 813.513 AND LIT101 > 813.513),LIT101_HIGH | LIT101_HIGH
Attack_3,9,86,2.3669004440307617,h1,2,OR,(304.947 <= AIT203 <= 305.178 OR 316.557 <= AIT203 <= 318.713),AIT203_ATTACK_RANGE_007 | AIT203_ATTACK_RANGE_015
Attack_3,10,185,1.7804889678955078,h1,4,OR,(LIT401 > 984.248 OR LIT401 > 984.248),LIT401_HIGH | LIT401_HIGH
Attack_4,1,83,7.412635803222656,h1,2,OR,(330.710 <= AIT203 <= 331.197 OR AIT201 < 169.892),AIT203_ATTACK_RANGE_006 | AIT201_LOW
Attack_4,2,171,4.010469436645508,h1,4,OR,(154.550 <= AIT402 <= 155.063 OR 154.550 <= AIT402 <= 155.063),AIT402_ATTACK_RANGE_011 | AIT402_ATTACK_RANGE_011
Attack_4,3,234,3.9070663452148438,h1,5,OR,(141.938 <= AIT502 <= 142.656 OR 261.343 <= AIT503 <= 262.369),AIT502_ATTACK_RANGE_004 | AIT503_ATTACK_RANGE_012
Attack_4,4,75,2.967082977294922,h1,2,OR,(304.947 <= AIT203 <= 305.178 OR 263.138 <= AIT201 <= 263.202),AIT203_ATTACK_RANGE_007 | AIT201_ATTACK_RANGE_001
Attack_4,5,225,2.8126814365386963,h1,5,OR,(7.6825 <= AIT501 <= 7.7719 OR 7.8725 <= AIT501 <= 7.8786),AIT501_ATTACK_RANGE_025 | AIT501_ATTACK_RANGE_021
Attack_4,6,93,2.777090072631836,h1,2,OR,(8.3660 <= AIT202 <= 8.3727 OR 304.819 <= AIT203 <= 307.255),AIT202_ATTACK_RANGE_003 | AIT203_ATTACK_RANGE_017
Attack_4,7,230,1.6723695993423462,h1,5,OR,(7.8725 <= AIT501 <= 7.8786 OR 138.170 <= AIT502 <= 138.939),AIT501_ATTACK_RANGE_021 | AIT502_ATTACK_RANGE_014
Attack_4,8,49,1.6692382097244263,h1,2,AND,(263.106 <= AIT201 <= 263.170 AND 330.710 <= AIT203 <= 331.197),AIT201_ATTACK_RANGE_008 | AIT203_ATTACK_RANGE_006
Attack_4,9,89,1.4082525968551636,h1,2,OR,(AIT201 > 263.362 OR 263.298 <= AIT201 <= 263.650),AIT201_HIGH | AIT201_ATTACK_RANGE_023
Attack_4,10,238,1.3090879917144775,h1,5,OR,(142.938 <= AIT502 <= 143.502 OR 136.504 <= AIT502 <= 137.042),AIT502_ATTACK_RANGE_009 | AIT502_ATTACK_RANGE_006
Attack_6,1,80,7.104558944702148,h1,2,OR,(8.4317 <= AIT202 <= 8.4493 OR AIT201 > 263.362),AIT202_ATTACK_RANGE_006 | AIT201_HIGH
Attack_6,2,94,6.198577404022217,h1,2,OR,(P203 = 1 OR P203 = 1),P203_EQ_1 | P203_EQ_1
Attack_6,3,167,5.22868013381958,h1,4,AND,(155.037 <= AIT402 <= 155.268 AND 155.037 <= AIT402 <= 155.268),AIT402_ATTACK_RANGE_005 | AIT402_ATTACK_RANGE_005
Attack_6,4,171,4.632822513580322,h1,4,OR,(154.550 <= AIT402 <= 155.063 OR 154.550 <= AIT402 <= 155.063),AIT402_ATTACK_RANGE_011 | AIT402_ATTACK_RANGE_011
Attack_6,5,234,4.168463706970215,h1,5,OR,(141.938 <= AIT502 <= 142.656 OR 261.343 <= AIT503 <= 262.369),AIT502_ATTACK_RANGE_004 | AIT503_ATTACK_RANGE_012
Attack_6,6,168,3.080676555633545,h1,4,OR,(149.680 <= AIT402 <= 150.551 OR FIT401 > 1.7288),AIT402_ATTACK_RANGE_000 | FIT401_HIGH
Attack_6,7,142,2.3907153606414795,h1,3,OR,(DPIT301 > 20.2798 OR FIT301 > 2.2146),DPIT301_HIGH | FIT301_HIGH
Attack_6,8,75,2.2597815990448,h1,2,OR,(304.947 <= AIT203 <= 305.178 OR 263.138 <= AIT201 <= 263.202),AIT203_ATTACK_RANGE_007 | AIT201_ATTACK_RANGE_001
Attack_6,9,11,2.097166061401367,h1,1,AND,(P101 = 2 AND P101 = 2),P101_EQ_2 | P101_EQ_2
Attack_6,10,89,1.9602066278457642,h1,2,OR,(AIT201 > 263.362 OR 263.298 <= AIT201 <= 263.650),AIT201_HIGH | AIT201_ATTACK_RANGE_023
Attack_7,1,78,4.624450206756592,h1,2,OR,(FIT201 > 2.4645 OR 8.4279 <= AIT202 <= 8.4387),FIT201_HIGH | AIT202_ATTACK_RANGE_011
Attack_7,2,95,4.224497318267822,h1,2,OR,(8.3920 <= AIT202 <= 8.4003 OR 8.3920 <= AIT202 <= 8.4003),AIT202_ATTACK_RANGE_008 | AIT202_ATTACK_RANGE_008
Attack_7,3,82,4.041945457458496,h1,2,OR,(8.3843 <= AIT202 <= 8.3887 OR 8.3843 <= AIT202 <= 8.3887),AIT202_ATTACK_RANGE_007 | AIT202_ATTACK_RANGE_007
Attack_7,4,97,3.6923439502716064,h1,3,AND,(LIT301 < 800.115 AND LIT301 < 800.115),LIT301_LOW | LIT301_LOW
Attack_7,5,80,3.6031031608581543,h1,2,OR,(8.4317 <= AIT202 <= 8.4493 OR AIT201 > 263.362),AIT202_ATTACK_RANGE_006 | AIT201_HIGH
Attack_7,6,71,3.2254111766815186,h1,2,AND,(316.557 <= AIT203 <= 318.713 AND 316.557 <= AIT203 <= 318.713),AIT203_ATTACK_RANGE_015 | AIT203_ATTACK_RANGE_015
Attack_7,7,87,3.1524784564971924,h1,2,OR,(304.819 <= AIT203 <= 307.255 OR 8.3843 <= AIT202 <= 8.3887),AIT203_ATTACK_RANGE_017 | AIT202_ATTACK_RANGE_007
Attack_7,8,89,3.1387648582458496,h1,2,OR,(AIT201 > 263.362 OR 263.298 <= AIT201 <= 263.650),AIT201_HIGH | AIT201_ATTACK_RANGE_023
Attack_7,9,138,3.023604154586792,h1,3,OR,(916.191 <= LIT301 <= 932.854 OR LIT301 < 800.115),LIT301_ATTACK_RANGE_004 | LIT301_LOW
Attack_7,10,107,2.891681432723999,h1,3,AND,(LIT301 > 1010.758 AND 1200.000 <= LIT301 <= 1200.000),LIT301_HIGH | LIT301_ATTACK_RANGE_001
Attack_8,1,193,7.617562294006348,h1,5,AND,(141.938 <= AIT502 <= 142.656 AND 141.938 <= AIT502 <= 142.656),AIT502_ATTACK_RANGE_004 | AIT502_ATTACK_RANGE_004
Attack_8,2,171,6.313510894775391,h1,4,OR,(154.550 <= AIT402 <= 155.063 OR 154.550 <= AIT402 <= 155.063),AIT402_ATTACK_RANGE_011 | AIT402_ATTACK_RANGE_011
Attack_8,3,114,5.322354316711426,h1,3,AND,(MV304 = 2 AND MV304 = 2),MV304_EQ_2 | MV304_EQ_2
Attack_8,4,165,5.2390217781066895,h1,4,AND,(LIT401 < 738.349 AND LIT401 < 738.349),LIT401_LOW | LIT401_LOW
Attack_8,5,167,5.232303142547607,h1,4,AND,(155.037 <= AIT402 <= 155.268 AND 155.037 <= AIT402 <= 155.268),AIT402_ATTACK_RANGE_005 | AIT402_ATTACK_RANGE_005
Attack_8,6,227,4.564647197723389,h1,5,OR,(141.938 <= AIT502 <= 142.656 OR 269.995 <= AIT503 <= 270.411),AIT502_ATTACK_RANGE_004 | AIT503_ATTACK_RANGE_004
Attack_8,7,156,3.739386796951294,h1,4,AND,(LIT401 < 738.349 AND LIT401 < 738.349),LIT401_LOW | LIT401_LOW
Attack_8,8,100,3.5657784938812256,h1,3,AND,(DPIT301 > 20.2798 AND 45.0000 <= DPIT301 <= 45.0000),DPIT301_HIGH | DPIT301_ATTACK_RANGE_001
Attack_8,9,132,3.3768796920776367,h1,3,OR,(2.0616 <= DPIT301 <= 2.0616 OR 844.896 <= LIT301 <= 849.902),DPIT301_ATTACK_RANGE_000 | LIT301_ATTACK_RANGE_002
Attack_8,10,123,3.3458127975463867,h1,3,OR,(45.0000 <= DPIT301 <= 45.0000 OR 45.0000 <= DPIT301 <= 45.0000),DPIT301_ATTACK_RANGE_001 | DPIT301_ATTACK_RANGE_001
Attack_10,1,227,4.598151206970215,h1,5,OR,(141.938 <= AIT502 <= 142.656 OR 269.995 <= AIT503 <= 270.411),AIT502_ATTACK_RANGE_004 | AIT503_ATTACK_RANGE_004
Attack_10,2,148,4.091934680938721,h1,4,AND,(0.000000 <= FIT401 <= 0.700000 AND 0.000000 <= FIT401 <= 0.700000),FIT401_ATTACK_RANGE_000 | FIT401_ATTACK_RANGE_000
Attack_10,3,183,3.9406533241271973,h1,4,OR,(146.065 <= AIT402 <= 146.834 OR 0.000000 <= FIT401 <= 0.700000),AIT402_ATTACK_RANGE_004 | FIT401_ATTACK_RANGE_000
Attack_10,4,176,3.59798002243042,h1,4,OR,(0.000000 <= FIT401 <= 0.700000 OR AIT402 > 157.190),FIT401_ATTACK_RANGE_000 | AIT402_HIGH
Attack_10,5,170,2.1208696365356445,h1,4,OR,(143.861 <= AIT402 <= 157.190 OR 143.861 <= AIT402 <= 157.190),AIT402_NORMAL | AIT402_NORMAL
Attack_10,6,191,1.8062407970428467,h1,4,OR,(0.000000 <= FIT401 <= 0.700000 OR 0.000000 <= FIT401 <= 0.700000),FIT401_ATTACK_RANGE_000 | FIT401_ATTACK_RANGE_000
Attack_10,7,75,1.4767013788223267,h1,2,OR,(304.947 <= AIT203 <= 305.178 OR 263.138 <= AIT201 <= 263.202),AIT203_ATTACK_RANGE_007 | AIT201_ATTACK_RANGE_001
Attack_10,8,179,1.418731451034546,h1,4,OR,(FIT401 < 1.7070 OR 148.398 <= AIT402 <= 148.987),FIT401_LOW | AIT402_ATTACK_RANGE_009
Attack_10,9,348,1.3695423603057861,h2,multi,AND,((FIT601 > 0.000128 AND FIT601 > 0.000128) AND (148.398 <= AIT402 <= 148.987 AND 143.655 <= AIT402 <= 144.450)),FIT601_HIGH | FIT601_HIGH | AIT402_ATTACK_RANGE_009 | AIT402_ATTACK_RANGE_013
Attack_10,10,166,1.309396743774414,h1,4,AND,(UV401 = 1 AND 0.000000 <= FIT401 <= 0.000000),UV401_EQ_1 | FIT401_ATTACK_RANGE_001
Attack_11,1,153,5.5896315574646,h1,4,AND,(AIT402 > 157.190 AND AIT402 > 157.190),AIT402_HIGH | AIT402_HIGH
Attack_11,2,197,3.396657943725586,h1,5,AND,(PIT501 < 246.219 AND 0.000000 <= FIT504 <= 0.000000),PIT501_LOW | FIT504_ATTACK_RANGE_000
Attack_11,3,206,3.3073413372039795,h1,5,AND,(0.000000 <= FIT504 <= 0.000000 AND 0.000000 <= FIT504 <= 0.000000),FIT504_ATTACK_RANGE_000 | FIT504_ATTACK_RANGE_000
Attack_11,4,204,3.0781867504119873,h1,5,AND,(7.8600 <= AIT501 <= 7.8632 AND 7.8600 <= AIT501 <= 7.8632),AIT501_ATTACK_RANGE_017 | AIT501_ATTACK_RANGE_017
Attack_11,5,192,3.0439305305480957,h1,5,AND,(PIT503 < 185.529 AND 0.000000 <= FIT504 <= 0.000000),PIT503_LOW | FIT504_ATTACK_RANGE_000
Attack_11,6,235,2.962973117828369,h1,5,OR,(15.6268 <= AIT504 <= 16.3035 OR AIT504 > 15.7652),AIT504_ATTACK_RANGE_010 | AIT504_HIGH
Attack_11,7,125,2.7017176151275635,h1,3,OR,(P302 = 1 OR P302 = 1),P302_EQ_1 | P302_EQ_1
Attack_11,8,176,2.639286994934082,h1,4,OR,(0.000000 <= FIT401 <= 0.700000 OR AIT402 > 157.190),FIT401_ATTACK_RANGE_000 | AIT402_HIGH
Attack_11,9,201,2.610057830810547,h1,5,AND,(0.000000 <= FIT504 <= 0.000000 AND 0.000000 <= FIT504 <= 0.000000),FIT504_ATTACK_RANGE_000 | FIT504_ATTACK_RANGE_000
Attack_11,10,113,2.5708086490631104,h1,3,AND,(MV303 = 2 AND MV303 = 2),MV303_EQ_2 | MV303_EQ_2
Attack_13,1,174,9.437145233154297,h1,4,OR,(151.987 <= AIT402 <= 152.627 OR 151.987 <= AIT402 <= 152.627),AIT402_ATTACK_RANGE_003 | AIT402_ATTACK_RANGE_003
Attack_13,2,56,7.689598560333252,h1,2,AND,(332.453 <= AIT203 <= 332.735 AND 260.254 <= AIT201 <= 260.382),AIT203_ATTACK_RANGE_003 | AIT201_ATTACK_RANGE_006
Attack_13,3,95,4.79024076461792,h1,2,OR,(8.3920 <= AIT202 <= 8.4003 OR 8.3920 <= AIT202 <= 8.4003),AIT202_ATTACK_RANGE_008 | AIT202_ATTACK_RANGE_008
Attack_13,4,110,4.610470771789551,h1,3,AND,(916.191 <= LIT301 <= 932.854 AND 916.191 <= LIT301 <= 932.854),LIT301_ATTACK_RANGE_004 | LIT301_ATTACK_RANGE_004
Attack_13,5,105,3.619443655014038,h1,3,AND,(916.191 <= LIT301 <= 932.854 AND 916.191 <= LIT301 <= 932.854),LIT301_ATTACK_RANGE_004 | LIT301_ATTACK_RANGE_004
Attack_13,6,224,3.3857033252716064,h1,5,OR,(15.6268 <= AIT504 <= 16.3035 OR 142.938 <= AIT502 <= 143.502),AIT504_ATTACK_RANGE_010 | AIT502_ATTACK_RANGE_009
Attack_13,7,237,3.226853847503662,h1,5,OR,(11.6509 <= AIT504 <= 11.8816 OR 251.234 <= PIT501 <= 252.147),AIT504_ATTACK_RANGE_004 | PIT501_ATTACK_RANGE_004
Attack_13,8,138,2.854991912841797,h1,3,OR,(916.191 <= LIT301 <= 932.854 OR LIT301 < 800.115),LIT301_ATTACK_RANGE_004 | LIT301_LOW
Attack_13,9,119,2.753826141357422,h1,3,AND,(916.191 <= LIT301 <= 932.854 AND 916.191 <= LIT301 <= 932.854),LIT301_ATTACK_RANGE_004 | LIT301_ATTACK_RANGE_004
Attack_13,10,179,2.615483045578003,h1,4,OR,(FIT401 < 1.7070 OR 148.398 <= AIT402 <= 148.987),FIT401_LOW | AIT402_ATTACK_RANGE_009
Attack_16,1,239,5.932673931121826,h1,5,OR,(7.8572 <= AIT501 <= 7.8597 OR 247.373 <= PIT501 <= 247.837),AIT501_ATTACK_RANGE_013 | PIT501_ATTACK_RANGE_000
Attack_16,2,174,4.867276191711426,h1,4,OR,(151.987 <= AIT402 <= 152.627 OR 151.987 <= AIT402 <= 152.627),AIT402_ATTACK_RANGE_003 | AIT402_ATTACK_RANGE_003
Attack_16,3,224,4.583536624908447,h1,5,OR,(15.6268 <= AIT504 <= 16.3035 OR 142.938 <= AIT502 <= 143.502),AIT504_ATTACK_RANGE_010 | AIT502_ATTACK_RANGE_009
Attack_16,4,215,4.227044582366943,h1,5,AND,(142.938 <= AIT502 <= 143.502 AND 260.734 <= AIT503 <= 261.087),AIT502_ATTACK_RANGE_009 | AIT503_ATTACK_RANGE_011
Attack_16,5,78,3.2091310024261475,h1,2,OR,(FIT201 > 2.4645 OR 8.4279 <= AIT202 <= 8.4387),FIT201_HIGH | AIT202_ATTACK_RANGE_011
Attack_16,6,238,2.3978981971740723,h1,5,OR,(142.938 <= AIT502 <= 143.502 OR 136.504 <= AIT502 <= 137.042),AIT502_ATTACK_RANGE_009 | AIT502_ATTACK_RANGE_006
Attack_16,7,220,2.3099238872528076,h1,5,OR,(11.6509 <= AIT504 <= 11.8816 OR 11.5740 <= AIT504 <= 11.9200),AIT504_ATTACK_RANGE_004 | AIT504_ATTACK_RANGE_006
Attack_16,8,237,2.1278274059295654,h1,5,OR,(11.6509 <= AIT504 <= 11.8816 OR 251.234 <= PIT501 <= 252.147),AIT504_ATTACK_RANGE_004 | PIT501_ATTACK_RANGE_004
Attack_16,9,138,2.097543478012085,h1,3,OR,(916.191 <= LIT301 <= 932.854 OR LIT301 < 800.115),LIT301_ATTACK_RANGE_004 | LIT301_LOW
Attack_16,10,97,1.8553067445755005,h1,3,AND,(LIT301 < 800.115 AND LIT301 < 800.115),LIT301_LOW | LIT301_LOW
Attack_17,1,112,8.9260892868042,h1,3,AND,(MV301 = 2 AND MV301 = 2),MV301_EQ_2 | MV301_EQ_2
Attack_17,2,222,4.244892597198486,h1,5,OR,(260.254 <= AIT503 <= 260.574 OR 7.6825 <= AIT501 <= 7.7719),AIT503_ATTACK_RANGE_006 | AIT501_ATTACK_RANGE_025
Attack_17,3,228,3.674957752227783,h1,5,OR,(7.8600 <= AIT501 <= 7.8632 OR 7.7940 <= AIT501 <= 7.7985),AIT501_ATTACK_RANGE_017 | AIT501_ATTACK_RANGE_020
Attack_17,4,204,3.4625391960144043,h1,5,AND,(7.8600 <= AIT501 <= 7.8632 AND 7.8600 <= AIT501 <= 7.8632),AIT501_ATTACK_RANGE_017 | AIT501_ATTACK_RANGE_017
Attack_17,5,231,2.751418352127075,h1,5,OR,(251.234 <= PIT501 <= 252.147 OR 251.234 <= PIT501 <= 252.147),PIT501_ATTACK_RANGE_004 | PIT501_ATTACK_RANGE_004
Attack_17,6,224,2.543649196624756,h1,5,OR,(15.6268 <= AIT504 <= 16.3035 OR 142.938 <= AIT502 <= 143.502),AIT504_ATTACK_RANGE_010 | AIT502_ATTACK_RANGE_009
Attack_17,7,125,2.3735404014587402,h1,3,OR,(P302 = 1 OR P302 = 1),P302_EQ_1 | P302_EQ_1
Attack_17,8,226,2.2956981658935547,h1,5,OR,(260.254 <= AIT503 <= 260.574 OR 7.8229 <= AIT501 <= 7.8258),AIT503_ATTACK_RANGE_006 | AIT501_ATTACK_RANGE_009
Attack_17,9,199,2.2188947200775146,h1,5,AND,(260.254 <= AIT503 <= 260.574 AND 260.254 <= AIT503 <= 260.574),AIT503_ATTACK_RANGE_006 | AIT503_ATTACK_RANGE_006
Attack_17,10,83,2.0468690395355225,h1,2,OR,(330.710 <= AIT203 <= 331.197 OR AIT201 < 169.892),AIT203_ATTACK_RANGE_006 | AIT201_LOW
Attack_19,1,217,5.193113803863525,h1,5,OR,(7.7498 <= AIT501 <= 7.7610 OR 15.4191 <= AIT504 <= 21.1100),AIT501_ATTACK_RANGE_024 | AIT504_ATTACK_RANGE_009
Attack_19,2,221,4.349873065948486,h1,5,OR,(254.518 <= AIT503 <= 254.774 OR 251.234 <= PIT501 <= 252.147),AIT503_ATTACK_RANGE_002 | PIT501_ATTACK_RANGE_004
Attack_19,3,229,3.7244150638580322,h1,5,OR,(15.4191 <= AIT504 <= 21.1100 OR 15.4191 <= AIT504 <= 21.1100),AIT504_ATTACK_RANGE_009 | AIT504_ATTACK_RANGE_009
Attack_19,4,210,3.4043354988098145,h1,5,AND,(254.518 <= AIT503 <= 254.774 AND 254.518 <= AIT503 <= 254.774),AIT503_ATTACK_RANGE_002 | AIT503_ATTACK_RANGE_002
Attack_19,5,236,3.2250545024871826,h1,5,OR,(15.4191 <= AIT504 <= 21.1100 OR PIT501 < 246.219),AIT504_ATTACK_RANGE_009 | PIT501_LOW
Attack_19,6,82,3.1931262016296387,h1,2,OR,(8.3843 <= AIT202 <= 8.3887 OR 8.3843 <= AIT202 <= 8.3887),AIT202_ATTACK_RANGE_007 | AIT202_ATTACK_RANGE_007
Attack_19,7,85,3.1768996715545654,h1,2,OR,(251.186 <= AIT201 <= 251.346 OR P201 = 2),AIT201_ATTACK_RANGE_020 | P201_EQ_2
Attack_19,8,114,2.9682302474975586,h1,3,AND,(MV304 = 2 AND MV304 = 2),MV304_EQ_2 | MV304_EQ_2
Attack_19,9,125,2.823676109313965,h1,3,OR,(P302 = 1 OR P302 = 1),P302_EQ_1 | P302_EQ_1
Attack_19,10,224,2.7345900535583496,h1,5,OR,(15.6268 <= AIT504 <= 16.3035 OR 142.938 <= AIT502 <= 143.502),AIT504_ATTACK_RANGE_010 | AIT502_ATTACK_RANGE_009
Attack_20,1,110,5.46864128112793,h1,3,AND,(916.191 <= LIT301 <= 932.854 AND 916.191 <= LIT301 <= 932.854),LIT301_ATTACK_RANGE_004 | LIT301_ATTACK_RANGE_004
Attack_20,2,64,5.375647068023682,h1,2,AND,(333.479 <= AIT203 <= 333.632 AND 333.479 <= AIT203 <= 333.632),AIT203_ATTACK_RANGE_010 | AIT203_ATTACK_RANGE_010
Attack_20,3,222,4.553360939025879,h1,5,OR,(260.254 <= AIT503 <= 260.574 OR 7.6825 <= AIT501 <= 7.7719),AIT503_ATTACK_RANGE_006 | AIT501_ATTACK_RANGE_025
Attack_20,4,105,4.039239883422852,h1,3,AND,(916.191 <= LIT301 <= 932.854 AND 916.191 <= LIT301 <= 932.854),LIT301_ATTACK_RANGE_004 | LIT301_ATTACK_RANGE_004
Attack_20,5,138,3.4498085975646973,h1,3,OR,(916.191 <= LIT301 <= 932.854 OR LIT301 < 800.115),LIT301_ATTACK_RANGE_004 | LIT301_LOW
Attack_20,6,199,3.2059543132781982,h1,5,AND,(260.254 <= AIT503 <= 260.574 AND 260.254 <= AIT503 <= 260.574),AIT503_ATTACK_RANGE_006 | AIT503_ATTACK_RANGE_006
Attack_20,7,171,3.0485713481903076,h1,4,OR,(154.550 <= AIT402 <= 155.063 OR 154.550 <= AIT402 <= 155.063),AIT402_ATTACK_RANGE_011 | AIT402_ATTACK_RANGE_011
Attack_20,8,82,2.9880383014678955,h1,2,OR,(8.3843 <= AIT202 <= 8.3887 OR 8.3843 <= AIT202 <= 8.3887),AIT202_ATTACK_RANGE_007 | AIT202_ATTACK_RANGE_007
Attack_20,9,85,2.9451701641082764,h1,2,OR,(251.186 <= AIT201 <= 251.346 OR P201 = 2),AIT201_ATTACK_RANGE_020 | P201_EQ_2
Attack_20,10,234,2.760831356048584,h1,5,OR,(141.938 <= AIT502 <= 142.656 OR 261.343 <= AIT503 <= 262.369),AIT502_ATTACK_RANGE_004 | AIT503_ATTACK_RANGE_012
Attack_21,1,226,8.376081466674805,h1,5,OR,(260.254 <= AIT503 <= 260.574 OR 7.8229 <= AIT501 <= 7.8258),AIT503_ATTACK_RANGE_006 | AIT501_ATTACK_RANGE_009
Attack_21,2,185,5.182707786560059,h1,4,OR,(LIT401 > 984.248 OR LIT401 > 984.248),LIT401_HIGH | LIT401_HIGH
Attack_21,3,3,4.471761703491211,h1,1,AND,(700.000 <= LIT101 <= 700.000 AND 700.000 <= LIT101 <= 700.000),LIT101_ATTACK_RANGE_000 | LIT101_ATTACK_RANGE_000
Attack_21,4,190,3.864394187927246,h1,4,OR,(600.000 <= LIT401 <= 600.000 OR LIT401 > 984.248),LIT401_ATTACK_RANGE_000 | LIT401_HIGH
Attack_21,5,4,3.788411855697632,h1,1,AND,(700.000 <= LIT101 <= 700.000 AND 700.000 <= LIT101 <= 700.000),LIT101_ATTACK_RANGE_000 | LIT101_ATTACK_RANGE_000
Attack_21,6,43,3.745642900466919,h1,1,OR,(700.000 <= LIT101 <= 700.000 OR P102 = 2),LIT101_ATTACK_RANGE_000 | P102_EQ_2
Attack_21,7,45,2.721088409423828,h1,1,OR,(700.000 <= LIT101 <= 700.000 OR 700.000 <= LIT101 <= 700.000),LIT101_ATTACK_RANGE_000 | LIT101_ATTACK_RANGE_000
Attack_21,8,172,2.420055866241455,h1,4,OR,(LIT401 > 984.248 OR LIT401 < 738.349),LIT401_HIGH | LIT401_LOW
Attack_21,9,41,2.274005174636841,h1,1,OR,(700.000 <= LIT101 <= 700.000 OR 700.000 <= LIT101 <= 700.000),LIT101_ATTACK_RANGE_000 | LIT101_ATTACK_RANGE_000
Attack_21,10,254,2.2016794681549072,h1,6,AND,(FIT601 > 0.000128 AND FIT601 > 0.000128),FIT601_HIGH | FIT601_HIGH
Attack_22,1,53,9.291708946228027,h1,2,AND,(239.682 <= AIT201 <= 239.810 AND AIT203 > 333.863),AIT201_ATTACK_RANGE_009 | AIT203_HIGH
Attack_22,2,176,4.371362209320068,h1,4,OR,(0.000000 <= FIT401 <= 0.700000 OR AIT402 > 157.190),FIT401_ATTACK_RANGE_000 | AIT402_HIGH
Attack_22,3,153,3.574003219604492,h1,4,AND,(AIT402 > 157.190 AND AIT402 > 157.190),AIT402_HIGH | AIT402_HIGH
Attack_22,4,235,2.8666090965270996,h1,5,OR,(15.6268 <= AIT504 <= 16.3035 OR AIT504 > 15.7652),AIT504_ATTACK_RANGE_010 | AIT504_HIGH
Attack_22,5,92,2.7714736461639404,h1,2,OR,(8.4317 <= AIT202 <= 8.4493 OR 2.7836 <= FIT201 <= 2.8209),AIT202_ATTACK_RANGE_006 | FIT201_ATTACK_RANGE_000
Attack_22,6,234,2.645460605621338,h1,5,OR,(141.938 <= AIT502 <= 142.656 OR 261.343 <= AIT503 <= 262.369),AIT502_ATTACK_RANGE_004 | AIT503_ATTACK_RANGE_012
Attack_22,7,80,2.5264241695404053,h1,2,OR,(8.4317 <= AIT202 <= 8.4493 OR AIT201 > 263.362),AIT202_ATTACK_RANGE_006 | AIT201_HIGH
Attack_22,8,216,2.0564701557159424,h1,5,OR,(PIT503 < 185.529 OR 134.595 <= PIT503 <= 185.690),PIT503_LOW | PIT503_ATTACK_RANGE_002
Attack_22,9,78,1.9646522998809814,h1,2,OR,(FIT201 > 2.4645 OR 8.4279 <= AIT202 <= 8.4387),FIT201_HIGH | AIT202_ATTACK_RANGE_011
Attack_22,10,192,1.9204806089401245,h1,5,AND,(PIT503 < 185.529 AND 0.000000 <= FIT504 <= 0.000000),PIT503_LOW | FIT504_ATTACK_RANGE_000
Attack_23,1,227,10.238348007202148,h1,5,OR,(141.938 <= AIT502 <= 142.656 OR 269.995 <= AIT503 <= 270.411),AIT502_ATTACK_RANGE_004 | AIT503_ATTACK_RANGE_004
Attack_23,2,219,4.236975193023682,h1,5,OR,(7.8011 <= AIT501 <= 7.8049 OR 139.580 <= AIT502 <= 141.041),AIT501_ATTACK_RANGE_010 | AIT502_ATTACK_RANGE_000
Attack_23,3,165,3.781397581100464,h1,4,AND,(LIT401 < 738.349 AND LIT401 < 738.349),LIT401_LOW | LIT401_LOW
Attack_23,4,100,3.127056837081909,h1,3,AND,(DPIT301 > 20.2798 AND 45.0000 <= DPIT301 <= 45.0000),DPIT301_HIGH | DPIT301_ATTACK_RANGE_001
Attack_23,5,156,2.948732852935791,h1,4,AND,(LIT401 < 738.349 AND LIT401 < 738.349),LIT401_LOW | LIT401_LOW
Attack_23,6,125,2.800295114517212,h1,3,OR,(P302 = 1 OR P302 = 1),P302_EQ_1 | P302_EQ_1
Attack_23,7,120,2.5271034240722656,h1,3,OR,(DPIT301 > 20.2798 OR DPIT301 > 20.2798),DPIT301_HIGH | DPIT301_HIGH
Attack_23,8,123,2.3429439067840576,h1,3,OR,(45.0000 <= DPIT301 <= 45.0000 OR 45.0000 <= DPIT301 <= 45.0000),DPIT301_ATTACK_RANGE_001 | DPIT301_ATTACK_RANGE_001
Attack_23,9,134,2.221503496170044,h1,3,OR,(DPIT301 > 20.2798 OR DPIT301 > 20.2798),DPIT301_HIGH | DPIT301_HIGH
Attack_23,10,38,2.2125866413116455,h1,1,OR,(705.961 <= LIT101 <= 810.785 OR 705.961 <= LIT101 <= 810.785),LIT101_ATTACK_RANGE_004 | LIT101_ATTACK_RANGE_004
Attack_24,1,94,8.749652862548828,h1,2,OR,(P203 = 1 OR P203 = 1),P203_EQ_1 | P203_EQ_1
Attack_24,2,227,5.7969970703125,h1,5,OR,(141.938 <= AIT502 <= 142.656 OR 269.995 <= AIT503 <= 270.411),AIT502_ATTACK_RANGE_004 | AIT503_ATTACK_RANGE_004
Attack_24,3,193,5.681020259857178,h1,5,AND,(141.938 <= AIT502 <= 142.656 AND 141.938 <= AIT502 <= 142.656),AIT502_ATTACK_RANGE_004 | AIT502_ATTACK_RANGE_004
Attack_24,4,187,5.000878810882568,h1,4,OR,(149.680 <= AIT402 <= 150.551 OR 600.000 <= LIT401 <= 600.000),AIT402_ATTACK_RANGE_000 | LIT401_ATTACK_RANGE_000
Attack_24,5,168,4.375900745391846,h1,4,OR,(149.680 <= AIT402 <= 150.551 OR FIT401 > 1.7288),AIT402_ATTACK_RANGE_000 | FIT401_HIGH
Attack_24,6,234,3.44685697555542,h1,5,OR,(141.938 <= AIT502 <= 142.656 OR 261.343 <= AIT503 <= 262.369),AIT502_ATTACK_RANGE_004 | AIT503_ATTACK_RANGE_012
Attack_24,7,224,3.2978944778442383,h1,5,OR,(15.6268 <= AIT504 <= 16.3035 OR 142.938 <= AIT502 <= 143.502),AIT504_ATTACK_RANGE_010 | AIT502_ATTACK_RANGE_009
Attack_24,8,226,3.123607635498047,h1,5,OR,(260.254 <= AIT503 <= 260.574 OR 7.8229 <= AIT501 <= 7.8258),AIT503_ATTACK_RANGE_006 | AIT501_ATTACK_RANGE_009
Attack_24,9,238,2.382089376449585,h1,5,OR,(142.938 <= AIT502 <= 143.502 OR 136.504 <= AIT502 <= 137.042),AIT502_ATTACK_RANGE_009 | AIT502_ATTACK_RANGE_006
Attack_24,10,185,2.070675849914551,h1,4,OR,(LIT401 > 984.248 OR LIT401 > 984.248),LIT401_HIGH | LIT401_HIGH
Attack_25,1,219,6.190347671508789,h1,5,OR,(7.8011 <= AIT501 <= 7.8049 OR 139.580 <= AIT502 <= 141.041),AIT501_ATTACK_RANGE_010 | AIT502_ATTACK_RANGE_000
Attack_25,2,42,4.767463684082031,h1,1,OR,(MV101 = 0 OR MV101 = 1),MV101_EQ_0 | MV101_EQ_1
Attack_25,3,185,3.778912305831909,h1,4,OR,(LIT401 > 984.248 OR LIT401 > 984.248),LIT401_HIGH | LIT401_HIGH
Attack_25,4,190,3.403984785079956,h1,4,OR,(600.000 <= LIT401 <= 600.000 OR LIT401 > 984.248),LIT401_ATTACK_RANGE_000 | LIT401_HIGH
Attack_25,5,30,3.0423197746276855,h1,1,OR,(MV101 = 1 OR MV101 = 0),MV101_EQ_1 | MV101_EQ_0
Attack_25,6,165,2.804480791091919,h1,4,AND,(LIT401 < 738.349 AND LIT401 < 738.349),LIT401_LOW | LIT401_LOW
Attack_25,7,156,2.1571898460388184,h1,4,AND,(LIT401 < 738.349 AND LIT401 < 738.349),LIT401_LOW | LIT401_LOW
Attack_25,8,28,1.949360728263855,h1,1,OR,(LIT101 < 494.153 OR MV101 = 1),LIT101_LOW | MV101_EQ_1
Attack_25,9,19,1.9153786897659302,h1,1,AND,(MV101 = 1 AND MV101 = 1),MV101_EQ_1 | MV101_EQ_1
Attack_25,10,31,1.8926246166229248,h1,1,OR,(LIT101 < 494.153 OR MV101 = 1),LIT101_LOW | MV101_EQ_1
Attack_26,1,92,4.635162830352783,h1,2,OR,(8.4317 <= AIT202 <= 8.4493 OR 2.7836 <= FIT201 <= 2.8209),AIT202_ATTACK_RANGE_006 | FIT201_ATTACK_RANGE_000
Attack_26,2,238,4.508039474487305,h1,5,OR,(142.938 <= AIT502 <= 143.502 OR 136.504 <= AIT502 <= 137.042),AIT502_ATTACK_RANGE_009 | AIT502_ATTACK_RANGE_006
Attack_26,3,88,2.9526591300964355,h1,2,OR,(2.7836 <= FIT201 <= 2.8209 OR 262.305 <= AIT201 <= 262.401),FIT201_ATTACK_RANGE_000 | AIT201_ATTACK_RANGE_021
Attack_26,4,187,2.6425397396087646,h1,4,OR,(149.680 <= AIT402 <= 150.551 OR 600.000 <= LIT401 <= 600.000),AIT402_ATTACK_RANGE_000 | LIT401_ATTACK_RANGE_000
Attack_26,5,168,2.622633218765259,h1,4,OR,(149.680 <= AIT402 <= 150.551 OR FIT401 > 1.7288),AIT402_ATTACK_RANGE_000 | FIT401_HIGH
Attack_26,6,122,2.5724363327026367,h1,3,OR,(LIT301 > 1010.758 OR DPIT301 > 20.2798),LIT301_HIGH | DPIT301_HIGH
Attack_26,7,217,2.5630242824554443,h1,5,OR,(7.7498 <= AIT501 <= 7.7610 OR 15.4191 <= AIT504 <= 21.1100),AIT501_ATTACK_RANGE_024 | AIT504_ATTACK_RANGE_009
Attack_26,8,236,2.5165836811065674,h1,5,OR,(15.4191 <= AIT504 <= 21.1100 OR PIT501 < 246.219),AIT504_ATTACK_RANGE_009 | PIT501_LOW
Attack_26,9,78,2.4203176498413086,h1,2,OR,(FIT201 > 2.4645 OR 8.4279 <= AIT202 <= 8.4387),FIT201_HIGH | AIT202_ATTACK_RANGE_011
Attack_26,10,235,2.1406404972076416,h1,5,OR,(15.6268 <= AIT504 <= 16.3035 OR AIT504 > 15.7652),AIT504_ATTACK_RANGE_010 | AIT504_HIGH
Attack_27,1,91,8.807381629943848,h1,2,OR,(188.573 <= AIT201 <= 190.272 OR 188.573 <= AIT201 <= 190.272),AIT201_ATTACK_RANGE_015 | AIT201_ATTACK_RANGE_015
Attack_27,2,81,6.497969150543213,h1,2,OR,(288.670 <= AIT203 <= 303.589 OR 8.5361 <= AIT202 <= 8.5512),AIT203_ATTACK_RANGE_019 | AIT202_ATTACK_RANGE_010
Attack_27,3,187,5.763872146606445,h1,4,OR,(149.680 <= AIT402 <= 150.551 OR 600.000 <= LIT401 <= 600.000),AIT402_ATTACK_RANGE_000 | LIT401_ATTACK_RANGE_000
Attack_27,4,227,5.346366882324219,h1,5,OR,(141.938 <= AIT502 <= 142.656 OR 269.995 <= AIT503 <= 270.411),AIT502_ATTACK_RANGE_004 | AIT503_ATTACK_RANGE_004
Attack_27,5,193,4.126716136932373,h1,5,AND,(141.938 <= AIT502 <= 142.656 AND 141.938 <= AIT502 <= 142.656),AIT502_ATTACK_RANGE_004 | AIT502_ATTACK_RANGE_004
Attack_27,6,165,4.0758748054504395,h1,4,AND,(LIT401 < 738.349 AND LIT401 < 738.349),LIT401_LOW | LIT401_LOW
Attack_27,7,234,3.6109468936920166,h1,5,OR,(141.938 <= AIT502 <= 142.656 OR 261.343 <= AIT503 <= 262.369),AIT502_ATTACK_RANGE_004 | AIT503_ATTACK_RANGE_012
Attack_27,8,126,3.4941418170928955,h1,3,OR,(MV302 = 2 OR MV302 = 2),MV302_EQ_2 | MV302_EQ_2
Attack_27,9,156,3.369110107421875,h1,4,AND,(LIT401 < 738.349 AND LIT401 < 738.349),LIT401_LOW | LIT401_LOW
Attack_27,10,222,2.6655654907226562,h1,5,OR,(260.254 <= AIT503 <= 260.574 OR 7.6825 <= AIT501 <= 7.7719),AIT503_ATTACK_RANGE_006 | AIT501_ATTACK_RANGE_025
Attack_28,1,125,6.522508144378662,h1,3,OR,(P302 = 1 OR P302 = 1),P302_EQ_1 | P302_EQ_1
Attack_28,2,143,5.979394912719727,h1,3,OR,(P302 = 1 OR P302 = 1),P302_EQ_1 | P302_EQ_1
Attack_28,3,193,4.624963283538818,h1,5,AND,(141.938 <= AIT502 <= 142.656 AND 141.938 <= AIT502 <= 142.656),AIT502_ATTACK_RANGE_004 | AIT502_ATTACK_RANGE_004
Attack_28,4,222,4.38879919052124,h1,5,OR,(260.254 <= AIT503 <= 260.574 OR 7.6825 <= AIT501 <= 7.7719),AIT503_ATTACK_RANGE_006 | AIT501_ATTACK_RANGE_025
Attack_28,5,162,4.355548858642578,h1,4,AND,(147.517 <= AIT402 <= 147.911 AND 147.517 <= AIT402 <= 147.911),AIT402_ATTACK_RANGE_002 | AIT402_ATTACK_RANGE_002
Attack_28,6,165,3.967655658721924,h1,4,AND,(LIT401 < 738.349 AND LIT401 < 738.349),LIT401_LOW | LIT401_LOW
Attack_28,7,114,3.9299910068511963,h1,3,AND,(MV304 = 2 AND MV304 = 2),MV304_EQ_2 | MV304_EQ_2
Attack_28,8,156,3.7873926162719727,h1,4,AND,(LIT401 < 738.349 AND LIT401 < 738.349),LIT401_LOW | LIT401_LOW
Attack_28,9,136,3.5952844619750977,h1,3,OR,(MV302 = 1 OR MV302 = 1),MV302_EQ_1 | MV302_EQ_1
Attack_28,10,227,3.483090877532959,h1,5,OR,(141.938 <= AIT502 <= 142.656 OR 269.995 <= AIT503 <= 270.411),AIT502_ATTACK_RANGE_004 | AIT503_ATTACK_RANGE_004
Attack_29,1,132,6.633638381958008,h1,3,OR,(2.0616 <= DPIT301 <= 2.0616 OR 844.896 <= LIT301 <= 849.902),DPIT301_ATTACK_RANGE_000 | LIT301_ATTACK_RANGE_002
Attack_29,2,147,5.312801837921143,h1,4,AND,(146.373 <= AIT402 <= 146.885 AND 146.373 <= AIT402 <= 146.885),AIT402_ATTACK_RANGE_001 | AIT402_ATTACK_RANGE_001
Attack_29,3,151,3.9921553134918213,h1,4,AND,(146.373 <= AIT402 <= 146.885 AND 146.373 <= AIT402 <= 146.885),AIT402_ATTACK_RANGE_001 | AIT402_ATTACK_RANGE_001
Attack_29,4,230,3.512998104095459,h1,5,OR,(7.8725 <= AIT501 <= 7.8786 OR 138.170 <= AIT502 <= 138.939),AIT501_ATTACK_RANGE_021 | AIT502_ATTACK_RANGE_014
Attack_29,5,189,3.294473171234131,h1,4,OR,(AIT401 > 148.808 OR 146.065 <= AIT402 <= 146.834),AIT401_HIGH | AIT402_ATTACK_RANGE_004
Attack_29,6,175,2.559638500213623,h1,4,OR,(146.373 <= AIT402 <= 146.885 OR 146.065 <= AIT402 <= 146.834),AIT402_ATTACK_RANGE_001 | AIT402_ATTACK_RANGE_004
Attack_29,7,99,2.4972920417785645,h1,3,AND,(2.0616 <= DPIT301 <= 2.0616 AND 2.0616 <= DPIT301 <= 2.0616),DPIT301_ATTACK_RANGE_000 | DPIT301_ATTACK_RANGE_000
Attack_29,8,96,2.484433889389038,h1,3,AND,(2.0616 <= DPIT301 <= 2.0616 AND 2.0616 <= DPIT301 <= 2.0616),DPIT301_ATTACK_RANGE_000 | DPIT301_ATTACK_RANGE_000
Attack_29,9,79,2.2898645401000977,h1,2,OR,(288.670 <= AIT203 <= 303.589 OR 169.892 <= AIT201 <= 169.924),AIT203_ATTACK_RANGE_019 | AIT201_ATTACK_RANGE_013
Attack_29,10,73,1.998100996017456,h1,2,OR,(P201 = 2 OR 288.670 <= AIT203 <= 303.589),P201_EQ_2 | AIT203_ATTACK_RANGE_019
Attack_30,1,183,7.118144512176514,h1,4,OR,(146.065 <= AIT402 <= 146.834 OR 0.000000 <= FIT401 <= 0.700000),AIT402_ATTACK_RANGE_004 | FIT401_ATTACK_RANGE_000
Attack_30,2,189,5.617291450500488,h1,4,OR,(AIT401 > 148.808 OR 146.065 <= AIT402 <= 146.834),AIT401_HIGH | AIT402_ATTACK_RANGE_004
Attack_30,3,110,4.364830493927002,h1,3,AND,(916.191 <= LIT301 <= 932.854 AND 916.191 <= LIT301 <= 932.854),LIT301_ATTACK_RANGE_004 | LIT301_ATTACK_RANGE_004
Attack_30,4,105,3.753696918487549,h1,3,AND,(916.191 <= LIT301 <= 932.854 AND 916.191 <= LIT301 <= 932.854),LIT301_ATTACK_RANGE_004 | LIT301_ATTACK_RANGE_004
Attack_30,5,78,3.718381881713867,h1,2,OR,(FIT201 > 2.4645 OR 8.4279 <= AIT202 <= 8.4387),FIT201_HIGH | AIT202_ATTACK_RANGE_011
Attack_30,6,4,3.644538402557373,h1,1,AND,(700.000 <= LIT101 <= 700.000 AND 700.000 <= LIT101 <= 700.000),LIT101_ATTACK_RANGE_000 | LIT101_ATTACK_RANGE_000
Attack_30,7,147,3.4775781631469727,h1,4,AND,(146.373 <= AIT402 <= 146.885 AND 146.373 <= AIT402 <= 146.885),AIT402_ATTACK_RANGE_001 | AIT402_ATTACK_RANGE_001
Attack_30,8,3,3.467407703399658,h1,1,AND,(700.000 <= LIT101 <= 700.000 AND 700.000 <= LIT101 <= 700.000),LIT101_ATTACK_RANGE_000 | LIT101_ATTACK_RANGE_000
Attack_30,9,15,3.3785171508789062,h1,1,AND,(P102 = 2 AND P102 = 2),P102_EQ_2 | P102_EQ_2
Attack_30,10,234,3.285820722579956,h1,5,OR,(141.938 <= AIT502 <= 142.656 OR 261.343 <= AIT503 <= 262.369),AIT502_ATTACK_RANGE_004 | AIT503_ATTACK_RANGE_012
Attack_31,1,187,7.912570953369141,h1,4,OR,(149.680 <= AIT402 <= 150.551 OR 600.000 <= LIT401 <= 600.000),AIT402_ATTACK_RANGE_000 | LIT401_ATTACK_RANGE_000
Attack_31,2,165,7.670373916625977,h1,4,AND,(LIT401 < 738.349 AND LIT401 < 738.349),LIT401_LOW | LIT401_LOW
Attack_31,3,156,5.452337265014648,h1,4,AND,(LIT401 < 738.349 AND LIT401 < 738.349),LIT401_LOW | LIT401_LOW
Attack_31,4,219,5.30276346206665,h1,5,OR,(7.8011 <= AIT501 <= 7.8049 OR 139.580 <= AIT502 <= 141.041),AIT501_ATTACK_RANGE_010 | AIT502_ATTACK_RANGE_000
Attack_31,5,79,4.727352142333984,h1,2,OR,(288.670 <= AIT203 <= 303.589 OR 169.892 <= AIT201 <= 169.924),AIT203_ATTACK_RANGE_019 | AIT201_ATTACK_RANGE_013
Attack_31,6,73,4.507833480834961,h1,2,OR,(P201 = 2 OR 288.670 <= AIT203 <= 303.589),P201_EQ_2 | AIT203_ATTACK_RANGE_019
Attack_31,7,234,4.121375560760498,h1,5,OR,(141.938 <= AIT502 <= 142.656 OR 261.343 <= AIT503 <= 262.369),AIT502_ATTACK_RANGE_004 | AIT503_ATTACK_RANGE_012
Attack_31,8,172,3.0106499195098877,h1,4,OR,(LIT401 > 984.248 OR LIT401 < 738.349),LIT401_HIGH | LIT401_LOW
Attack_31,9,81,2.740901231765747,h1,2,OR,(288.670 <= AIT203 <= 303.589 OR 8.5361 <= AIT202 <= 8.5512),AIT203_ATTACK_RANGE_019 | AIT202_ATTACK_RANGE_010
Attack_31,10,162,2.617083787918091,h1,4,AND,(147.517 <= AIT402 <= 147.911 AND 147.517 <= AIT402 <= 147.911),AIT402_ATTACK_RANGE_002 | AIT402_ATTACK_RANGE_002
Attack_32,1,228,5.828736782073975,h1,5,OR,(7.8600 <= AIT501 <= 7.8632 OR 7.7940 <= AIT501 <= 7.7985),AIT501_ATTACK_RANGE_017 | AIT501_ATTACK_RANGE_020
Attack_32,2,57,3.8539276123046875,h1,2,AND,(291.028 <= AIT203 <= 292.130 AND 291.028 <= AIT203 <= 292.130),AIT203_ATTACK_RANGE_008 | AIT203_ATTACK_RANGE_008
Attack_32,3,79,3.735647678375244,h1,2,OR,(288.670 <= AIT203 <= 303.589 OR 169.892 <= AIT201 <= 169.924),AIT203_ATTACK_RANGE_019 | AIT201_ATTACK_RANGE_013
Attack_32,4,221,3.4262421131134033,h1,5,OR,(254.518 <= AIT503 <= 254.774 OR 251.234 <= PIT501 <= 252.147),AIT503_ATTACK_RANGE_002 | PIT501_ATTACK_RANGE_004
Attack_32,5,73,3.341625690460205,h1,2,OR,(P201 = 2 OR 288.670 <= AIT203 <= 303.589),P201_EQ_2 | AIT203_ATTACK_RANGE_019
Attack_32,6,210,3.266800880432129,h1,5,AND,(254.518 <= AIT503 <= 254.774 AND 254.518 <= AIT503 <= 254.774),AIT503_ATTACK_RANGE_002 | AIT503_ATTACK_RANGE_002
Attack_32,7,74,3.0176947116851807,h1,2,OR,(AIT203 < 294.540 OR AIT203 < 294.540),AIT203_LOW | AIT203_LOW
Attack_32,8,126,2.728749990463257,h1,3,OR,(MV302 = 2 OR MV302 = 2),MV302_EQ_2 | MV302_EQ_2
Attack_32,9,122,2.3813929557800293,h1,3,OR,(LIT301 > 1010.758 OR DPIT301 > 20.2798),LIT301_HIGH | DPIT301_HIGH
Attack_32,10,199,1.7996267080307007,h1,5,AND,(260.254 <= AIT503 <= 260.574 AND 260.254 <= AIT503 <= 260.574),AIT503_ATTACK_RANGE_006 | AIT503_ATTACK_RANGE_006
Attack_33,1,38,5.6023359298706055,h1,1,OR,(705.961 <= LIT101 <= 810.785 OR 705.961 <= LIT101 <= 810.785),LIT101_ATTACK_RANGE_004 | LIT101_ATTACK_RANGE_004
Attack_33,2,10,4.480466365814209,h1,1,AND,(705.961 <= LIT101 <= 810.785 AND 705.961 <= LIT101 <= 810.785),LIT101_ATTACK_RANGE_004 | LIT101_ATTACK_RANGE_004
Attack_33,3,110,4.385346412658691,h1,3,AND,(916.191 <= LIT301 <= 932.854 AND 916.191 <= LIT301 <= 932.854),LIT301_ATTACK_RANGE_004 | LIT301_ATTACK_RANGE_004
Attack_33,4,93,3.753795623779297,h1,2,OR,(8.3660 <= AIT202 <= 8.3727 OR 304.819 <= AIT203 <= 307.255),AIT202_ATTACK_RANGE_003 | AIT203_ATTACK_RANGE_017
Attack_33,5,114,3.634225606918335,h1,3,AND,(MV304 = 2 AND MV304 = 2),MV304_EQ_2 | MV304_EQ_2
Attack_33,6,105,3.5444839000701904,h1,3,AND,(916.191 <= LIT301 <= 932.854 AND 916.191 <= LIT301 <= 932.854),LIT301_ATTACK_RANGE_004 | LIT301_ATTACK_RANGE_004
Attack_33,7,22,3.412174701690674,h1,1,AND,(705.961 <= LIT101 <= 810.785 AND 705.961 <= LIT101 <= 810.785),LIT101_ATTACK_RANGE_004 | LIT101_ATTACK_RANGE_004
Attack_33,8,75,3.0990705490112305,h1,2,OR,(304.947 <= AIT203 <= 305.178 OR 263.138 <= AIT201 <= 263.202),AIT203_ATTACK_RANGE_007 | AIT201_ATTACK_RANGE_001
Attack_33,9,113,2.9231808185577393,h1,3,AND,(MV303 = 2 AND MV303 = 2),MV303_EQ_2 | MV303_EQ_2
Attack_33,10,72,2.8941922187805176,h1,2,OR,(303.820 <= AIT203 <= 305.178 OR 8.3775 <= AIT202 <= 8.3900),AIT203_ATTACK_RANGE_014 | AIT202_ATTACK_RANGE_013
Attack_34,1,132,6.835464954376221,h1,3,OR,(2.0616 <= DPIT301 <= 2.0616 OR 844.896 <= LIT301 <= 849.902),DPIT301_ATTACK_RANGE_000 | LIT301_ATTACK_RANGE_002
Attack_34,2,186,4.349405765533447,h1,4,OR,(149.192 <= AIT402 <= 150.269 OR 143.655 <= AIT402 <= 144.450),AIT402_ATTACK_RANGE_007 | AIT402_ATTACK_RANGE_013
Attack_34,3,238,3.961386203765869,h1,5,OR,(142.938 <= AIT502 <= 143.502 OR 136.504 <= AIT502 <= 137.042),AIT502_ATTACK_RANGE_009 | AIT502_ATTACK_RANGE_006
Attack_34,4,159,2.666273832321167,h1,4,AND,(140.913 <= AIT402 <= 144.809 AND 148.803 <= AIT401 <= 148.808),AIT402_ATTACK_RANGE_015 | AIT401_NORMAL
Attack_34,5,144,2.0949368476867676,h1,4,AND,(143.655 <= AIT402 <= 143.989 AND 140.913 <= AIT402 <= 144.809),AIT402_ATTACK_RANGE_008 | AIT402_ATTACK_RANGE_015
Attack_34,6,72,1.9057539701461792,h1,2,OR,(303.820 <= AIT203 <= 305.178 OR 8.3775 <= AIT202 <= 8.3900),AIT203_ATTACK_RANGE_014 | AIT202_ATTACK_RANGE_013
Attack_34,7,25,1.5741184949874878,h1,1,OR,(494.153 <= LIT101 <= 813.513 OR 494.153 <= LIT101 <= 813.513),LIT101_NORMAL | LIT101_NORMAL
Attack_34,8,177,1.5713245868682861,h1,4,OR,(143.655 <= AIT402 <= 144.450 OR 143.655 <= AIT402 <= 144.450),AIT402_ATTACK_RANGE_013 | AIT402_ATTACK_RANGE_013
Attack_34,9,70,1.3287148475646973,h1,2,AND,(333.479 <= AIT203 <= 333.632 AND 333.479 <= AIT203 <= 333.632),AIT203_ATTACK_RANGE_010 | AIT203_ATTACK_RANGE_010
Attack_34,10,216,1.3152556419372559,h1,5,OR,(PIT503 < 185.529 OR 134.595 <= PIT503 <= 185.690),PIT503_LOW | PIT503_ATTACK_RANGE_002
Attack_35,1,235,5.345168113708496,h1,5,OR,(15.6268 <= AIT504 <= 16.3035 OR AIT504 > 15.7652),AIT504_ATTACK_RANGE_010 | AIT504_HIGH
Attack_35,2,73,4.348346710205078,h1,2,OR,(P201 = 2 OR 288.670 <= AIT203 <= 303.589),P201_EQ_2 | AIT203_ATTACK_RANGE_019
Attack_35,3,79,4.309900760650635,h1,2,OR,(288.670 <= AIT203 <= 303.589 OR 169.892 <= AIT201 <= 169.924),AIT203_ATTACK_RANGE_019 | AIT201_ATTACK_RANGE_013
Attack_35,4,238,4.099976062774658,h1,5,OR,(142.938 <= AIT502 <= 143.502 OR 136.504 <= AIT502 <= 137.042),AIT502_ATTACK_RANGE_009 | AIT502_ATTACK_RANGE_006
Attack_35,5,217,3.383749008178711,h1,5,OR,(7.7498 <= AIT501 <= 7.7610 OR 15.4191 <= AIT504 <= 21.1100),AIT501_ATTACK_RANGE_024 | AIT504_ATTACK_RANGE_009
Attack_35,6,224,3.3030810356140137,h1,5,OR,(15.6268 <= AIT504 <= 16.3035 OR 142.938 <= AIT502 <= 143.502),AIT504_ATTACK_RANGE_010 | AIT502_ATTACK_RANGE_009
Attack_35,7,81,3.244802474975586,h1,2,OR,(288.670 <= AIT203 <= 303.589 OR 8.5361 <= AIT202 <= 8.5512),AIT203_ATTACK_RANGE_019 | AIT202_ATTACK_RANGE_010
Attack_35,8,114,3.197894334793091,h1,3,AND,(MV304 = 2 AND MV304 = 2),MV304_EQ_2 | MV304_EQ_2
Attack_35,9,136,2.931204319000244,h1,3,OR,(MV302 = 1 OR MV302 = 1),MV302_EQ_1 | MV302_EQ_1
Attack_35,10,173,2.728010416030884,h1,4,OR,(140.913 <= AIT402 <= 144.809 OR 140.913 <= AIT402 <= 144.809),AIT402_ATTACK_RANGE_015 | AIT402_ATTACK_RANGE_015
Attack_36,1,74,5.972518444061279,h1,2,OR,(AIT203 < 294.540 OR AIT203 < 294.540),AIT203_LOW | AIT203_LOW
Attack_36,2,94,5.334498882293701,h1,2,OR,(P203 = 1 OR P203 = 1),P203_EQ_1 | P203_EQ_1
Attack_36,3,44,4.233215808868408,h1,1,OR,(LIT101 < 494.153 OR LIT101 < 494.153),LIT101_LOW | LIT101_LOW
Attack_36,4,34,4.0226969718933105,h1,1,OR,(LIT101 > 813.513 OR P101 = 1),LIT101_HIGH | P101_EQ_1
Attack_36,5,28,4.004889965057373,h1,1,OR,(LIT101 < 494.153 OR MV101 = 1),LIT101_LOW | MV101_EQ_1
Attack_36,6,31,3.534254789352417,h1,1,OR,(LIT101 < 494.153 OR MV101 = 1),LIT101_LOW | MV101_EQ_1
Attack_36,7,47,3.4662983417510986,h1,1,OR,(P101 = 1 OR P102 = 2),P101_EQ_1 | P102_EQ_2
Attack_36,8,114,2.586042642593384,h1,3,AND,(MV304 = 2 AND MV304 = 2),MV304_EQ_2 | MV304_EQ_2
Attack_36,9,142,2.2920238971710205,h1,3,OR,(DPIT301 > 20.2798 OR FIT301 > 2.2146),DPIT301_HIGH | FIT301_HIGH
Attack_36,10,213,2.1587815284729004,h1,5,AND,(AIT503 < 254.326 AND AIT503 < 254.326),AIT503_LOW | AIT503_LOW
Attack_37,1,57,4.83996057510376,h1,2,AND,(291.028 <= AIT203 <= 292.130 AND 291.028 <= AIT203 <= 292.130),AIT203_ATTACK_RANGE_008 | AIT203_ATTACK_RANGE_008
Attack_37,2,234,4.586419582366943,h1,5,OR,(141.938 <= AIT502 <= 142.656 OR 261.343 <= AIT503 <= 262.369),AIT502_ATTACK_RANGE_004 | AIT503_ATTACK_RANGE_012
Attack_37,3,38,4.028456687927246,h1,1,OR,(705.961 <= LIT101 <= 810.785 OR 705.961 <= LIT101 <= 810.785),LIT101_ATTACK_RANGE_004 | LIT101_ATTACK_RANGE_004
Attack_37,4,10,3.6604819297790527,h1,1,AND,(705.961 <= LIT101 <= 810.785 AND 705.961 <= LIT101 <= 810.785),LIT101_ATTACK_RANGE_004 | LIT101_ATTACK_RANGE_004
Attack_37,5,114,3.5972208976745605,h1,3,AND,(MV304 = 2 AND MV304 = 2),MV304_EQ_2 | MV304_EQ_2
Attack_37,6,222,3.5657496452331543,h1,5,OR,(260.254 <= AIT503 <= 260.574 OR 7.6825 <= AIT501 <= 7.7719),AIT503_ATTACK_RANGE_006 | AIT501_ATTACK_RANGE_025
Attack_37,7,203,3.3202786445617676,h1,5,AND,(134.595 <= PIT503 <= 185.690 AND 7.6825 <= AIT501 <= 7.7719),PIT503_ATTACK_RANGE_002 | AIT501_ATTACK_RANGE_025
Attack_37,8,78,2.980342388153076,h1,2,OR,(FIT201 > 2.4645 OR 8.4279 <= AIT202 <= 8.4387),FIT201_HIGH | AIT202_ATTACK_RANGE_011
Attack_37,9,235,2.91815185546875,h1,5,OR,(15.6268 <= AIT504 <= 16.3035 OR AIT504 > 15.7652),AIT504_ATTACK_RANGE_010 | AIT504_HIGH
Attack_37,10,22,2.842876672744751,h1,1,AND,(705.961 <= LIT101 <= 810.785 AND 705.961 <= LIT101 <= 810.785),LIT101_ATTACK_RANGE_004 | LIT101_ATTACK_RANGE_004
Attack_38,1,57,10.841880798339844,h1,2,AND,(291.028 <= AIT203 <= 292.130 AND 291.028 <= AIT203 <= 292.130),AIT203_ATTACK_RANGE_008 | AIT203_ATTACK_RANGE_008
Attack_38,2,77,4.751856803894043,h1,2,OR,(169.860 <= AIT201 <= 170.020 OR P201 = 2),AIT201_ATTACK_RANGE_024 | P201_EQ_2
Attack_38,3,136,3.2388365268707275,h1,3,OR,(MV302 = 1 OR MV302 = 1),MV302_EQ_1 | MV302_EQ_1
Attack_38,4,176,3.191380500793457,h1,4,OR,(0.000000 <= FIT401 <= 0.700000 OR AIT402 > 157.190),FIT401_ATTACK_RANGE_000 | AIT402_HIGH
Attack_38,5,125,2.6506974697113037,h1,3,OR,(P302 = 1 OR P302 = 1),P302_EQ_1 | P302_EQ_1
Attack_38,6,143,2.578216791152954,h1,3,OR,(P302 = 1 OR P302 = 1),P302_EQ_1 | P302_EQ_1
Attack_38,7,74,2.378905773162842,h1,2,OR,(AIT203 < 294.540 OR AIT203 < 294.540),AIT203_LOW | AIT203_LOW
Attack_38,8,24,2.3124804496765137,h1,1,OR,(521.551 <= LIT101 <= 523.750 OR 521.551 <= LIT101 <= 523.750),LIT101_ATTACK_RANGE_003 | LIT101_ATTACK_RANGE_003
Attack_38,9,28,2.070828914642334,h1,1,OR,(LIT101 < 494.153 OR MV101 = 1),LIT101_LOW | MV101_EQ_1
Attack_38,10,35,2.0627312660217285,h1,1,OR,(MV101 = 1 OR MV101 = 1),MV101_EQ_1 | MV101_EQ_1
Attack_39,1,93,5.044684886932373,h1,2,OR,(8.3660 <= AIT202 <= 8.3727 OR 304.819 <= AIT203 <= 307.255),AIT202_ATTACK_RANGE_003 | AIT203_ATTACK_RANGE_017
Attack_39,2,44,4.509432792663574,h1,1,OR,(LIT101 < 494.153 OR LIT101 < 494.153),LIT101_LOW | LIT101_LOW
Attack_39,3,216,4.504143714904785,h1,5,OR,(PIT503 < 185.529 OR 134.595 <= PIT503 <= 185.690),PIT503_LOW | PIT503_ATTACK_RANGE_002
Attack_39,4,203,4.254971981048584,h1,5,AND,(134.595 <= PIT503 <= 185.690 AND 7.6825 <= AIT501 <= 7.7719),PIT503_ATTACK_RANGE_002 | AIT501_ATTACK_RANGE_025
Attack_39,5,219,4.200897693634033,h1,5,OR,(7.8011 <= AIT501 <= 7.8049 OR 139.580 <= AIT502 <= 141.041),AIT501_ATTACK_RANGE_010 | AIT502_ATTACK_RANGE_000
Attack_39,6,87,3.3054463863372803,h1,2,OR,(304.819 <= AIT203 <= 307.255 OR 8.3843 <= AIT202 <= 8.3887),AIT203_ATTACK_RANGE_017 | AIT202_ATTACK_RANGE_007
Attack_39,7,97,2.98358154296875,h1,3,AND,(LIT301 < 800.115 AND LIT301 < 800.115),LIT301_LOW | LIT301_LOW
Attack_39,8,239,2.8233482837677,h1,5,OR,(7.8572 <= AIT501 <= 7.8597 OR 247.373 <= PIT501 <= 247.837),AIT501_ATTACK_RANGE_013 | PIT501_ATTACK_RANGE_000
Attack_39,9,85,2.808577060699463,h1,2,OR,(251.186 <= AIT201 <= 251.346 OR P201 = 2),AIT201_ATTACK_RANGE_020 | P201_EQ_2
Attack_39,10,222,2.7162563800811768,h1,5,OR,(260.254 <= AIT503 <= 260.574 OR 7.6825 <= AIT501 <= 7.7719),AIT503_ATTACK_RANGE_006 | AIT501_ATTACK_RANGE_025
Attack_40,1,216,6.238552093505859,h1,5,OR,(PIT503 < 185.529 OR 134.595 <= PIT503 <= 185.690),PIT503_LOW | PIT503_ATTACK_RANGE_002
Attack_40,2,203,5.785540580749512,h1,5,AND,(134.595 <= PIT503 <= 185.690 AND 7.6825 <= AIT501 <= 7.7719),PIT503_ATTACK_RANGE_002 | AIT501_ATTACK_RANGE_025
Attack_40,3,85,4.664989471435547,h1,2,OR,(251.186 <= AIT201 <= 251.346 OR P201 = 2),AIT201_ATTACK_RANGE_020 | P201_EQ_2
Attack_40,4,235,3.5175020694732666,h1,5,OR,(15.6268 <= AIT504 <= 16.3035 OR AIT504 > 15.7652),AIT504_ATTACK_RANGE_010 | AIT504_HIGH
Attack_40,5,77,3.3106324672698975,h1,2,OR,(169.860 <= AIT201 <= 170.020 OR P201 = 2),AIT201_ATTACK_RANGE_024 | P201_EQ_2
Attack_40,6,166,2.9754388332366943,h1,4,AND,(UV401 = 1 AND 0.000000 <= FIT401 <= 0.000000),UV401_EQ_1 | FIT401_ATTACK_RANGE_001
Attack_40,7,84,2.9473795890808105,h1,2,OR,(P201 = 2 OR 251.186 <= AIT201 <= 251.346),P201_EQ_2 | AIT201_ATTACK_RANGE_020
Attack_40,8,81,2.935194492340088,h1,2,OR,(288.670 <= AIT203 <= 303.589 OR 8.5361 <= AIT202 <= 8.5512),AIT203_ATTACK_RANGE_019 | AIT202_ATTACK_RANGE_010
Attack_40,9,158,2.758251905441284,h1,4,AND,(0.000000 <= FIT401 <= 0.000000 AND UV401 = 1),FIT401_ATTACK_RANGE_001 | UV401_EQ_1
Attack_40,10,73,2.7353813648223877,h1,2,OR,(P201 = 2 OR 288.670 <= AIT203 <= 303.589),P201_EQ_2 | AIT203_ATTACK_RANGE_019
Attack_41,1,97,6.340473175048828,h1,3,AND,(LIT301 < 800.115 AND LIT301 < 800.115),LIT301_LOW | LIT301_LOW
Attack_41,2,234,5.5032172203063965,h1,5,OR,(141.938 <= AIT502 <= 142.656 OR 261.343 <= AIT503 <= 262.369),AIT502_ATTACK_RANGE_004 | AIT503_ATTACK_RANGE_012
Attack_41,3,83,4.955680847167969,h1,2,OR,(330.710 <= AIT203 <= 331.197 OR AIT201 < 169.892),AIT203_ATTACK_RANGE_006 | AIT201_LOW
Attack_41,4,222,4.602644920349121,h1,5,OR,(260.254 <= AIT503 <= 260.574 OR 7.6825 <= AIT501 <= 7.7719),AIT503_ATTACK_RANGE_006 | AIT501_ATTACK_RANGE_025
Attack_41,5,225,4.49708366394043,h1,5,OR,(7.6825 <= AIT501 <= 7.7719 OR 7.8725 <= AIT501 <= 7.8786),AIT501_ATTACK_RANGE_025 | AIT501_ATTACK_RANGE_021
Attack_41,6,93,4.3277788162231445,h1,2,OR,(8.3660 <= AIT202 <= 8.3727 OR 304.819 <= AIT203 <= 307.255),AIT202_ATTACK_RANGE_003 | AIT203_ATTACK_RANGE_017
Attack_41,7,224,4.091014862060547,h1,5,OR,(15.6268 <= AIT504 <= 16.3035 OR 142.938 <= AIT502 <= 143.502),AIT504_ATTACK_RANGE_010 | AIT502_ATTACK_RANGE_009
Attack_41,8,138,3.687425136566162,h1,3,OR,(916.191 <= LIT301 <= 932.854 OR LIT301 < 800.115),LIT301_ATTACK_RANGE_004 | LIT301_LOW
Attack_41,9,233,3.4439213275909424,h1,5,OR,(7.6825 <= AIT501 <= 7.7719 OR 7.6825 <= AIT501 <= 7.7719),AIT501_ATTACK_RANGE_025 | AIT501_ATTACK_RANGE_025
Attack_41,10,186,2.982943534851074,h1,4,OR,(149.192 <= AIT402 <= 150.269 OR 143.655 <= AIT402 <= 144.450),AIT402_ATTACK_RANGE_007 | AIT402_ATTACK_RANGE_013
