class,num_selected_conditions,selected_binary_conditions,deterministic_rule,train_attack_rule_match,validation_precision,validation_recall,validation_f1,validation_tp,validation_fp,validation_fn
Normal,0,,(no condition exceeded 0.9),0.0,0.0,0.0,0.0,0,0,5336
Attack_1,3,AIT503_ATTACK_RANGE_012 | LIT101_HIGH | AIT201_ATTACK_RANGE_019,261.343 <= AIT503 <= 262.369 AND LIT101 > 813.513 AND 262.305 <= AIT201 <= 262.689,0.8976063829787234,0.9090909090909091,0.9042553191489362,0.9066666666666666,170,17,18
Attack_2,4,FIT201_ATTACK_RANGE_000 | AIT201_ATTACK_RANGE_019 | FIT201_HIGH | AIT202_ATTACK_RANGE_013,2.7836 <= FIT201 <= 2.8209 AND 262.305 <= AIT201 <= 262.689 AND FIT201 > 2.4645 AND 8.3775 <= AIT202 <= 8.3900,0.8394366197183099,1.0,0.8522727272727273,0.9202453987730062,75,0,13
Attack_3,4,AIT201_ATTACK_RANGE_023 | AIT203_ATTACK_RANGE_015 | AIT503_ATTACK_RANGE_003 | AIT501_ATTACK_RANGE_000,263.298 <= AIT201 <= 263.650 AND 316.557 <= AIT203 <= 318.713 AND 263.747 <= AIT503 <= 263.971 AND 7.8796 <= AIT501 <= 7.8821,0.8957654723127035,1.0,0.8947368421052632,0.9444444444444444,68,0,8
Attack_4,3,AIT203_ATTACK_RANGE_006 | AIT402_ATTACK_RANGE_011 | AIT202_ATTACK_RANGE_003,330.710 <= AIT203 <= 331.197 AND 154.550 <= AIT402 <= 155.063 AND 8.3660 <= AIT202 <= 8.3727,0.9198717948717948,0.7244897959183674,0.9102564102564102,0.8068181818181819,71,27,7
Attack_6,6,AIT201_HIGH | P203_EQ_1 | AIT402_ATTACK_RANGE_005 | AIT503_ATTACK_RANGE_012 | P101_EQ_2 | AIT201_ATTACK_RANGE_023,AIT201 > 263.362 AND P203 = 1 AND 155.037 <= AIT402 <= 155.268 AND 261.343 <= AIT503 <= 262.369 AND P101 = 2 AND 263.298 <= AIT201 <= 263.650,0.8471337579617835,1.0,0.8205128205128205,0.9014084507042254,32,0,7
Attack_7,4,AIT202_ATTACK_RANGE_011 | AIT201_HIGH | LIT301_HIGH | LIT301_ATTACK_RANGE_001,8.4279 <= AIT202 <= 8.4387 AND AIT201 > 263.362 AND LIT301 > 1010.758 AND 1200.000 <= LIT301 <= 1200.000,0.875,1.0,0.8235294117647058,0.9032258064516129,70,0,15
Attack_8,2,DPIT301_HIGH | DPIT301_ATTACK_RANGE_001,DPIT301 > 20.2798 AND 45.0000 <= DPIT301 <= 45.0000,0.9792746113989638,0.5675675675675675,0.984375,0.7200000000000001,189,144,3
Attack_10,3,FIT401_ATTACK_RANGE_000 | AIT201_ATTACK_RANGE_001 | FIT401_LOW,0.000000 <= FIT401 <= 0.700000 AND 263.138 <= AIT201 <= 263.202 AND FIT401 < 1.7070,1.0,0.22695035460992907,1.0,0.36994219653179194,32,109,0
Attack_11,5,AIT402_HIGH | PIT501_LOW | FIT504_ATTACK_RANGE_000 | PIT503_LOW | FIT401_ATTACK_RANGE_000,AIT402 > 157.190 AND PIT501 < 246.219 AND 0.000000 <= FIT504 <= 0.000000 AND PIT503 < 185.529 AND 0.000000 <= FIT401 <= 0.700000,0.9443207126948775,0.33762057877813506,0.9375,0.4964539007092199,105,206,7
Attack_13,4,AIT402_ATTACK_RANGE_003 | AIT203_ATTACK_RANGE_003 | AIT201_ATTACK_RANGE_006 | AIT202_ATTACK_RANGE_008,151.987 <= AIT402 <= 152.627 AND 332.453 <= AIT203 <= 332.735 AND 260.254 <= AIT201 <= 260.382 AND 8.3920 <= AIT202 <= 8.4003,0.9197860962566845,0.9761904761904762,0.8913043478260869,0.9318181818181818,41,1,5
Attack_16,6,AIT501_ATTACK_RANGE_013 | AIT402_ATTACK_RANGE_003 | AIT502_ATTACK_RANGE_009 | AIT503_ATTACK_RANGE_011 | AIT504_ATTACK_RANGE_004 | AIT504_ATTACK_RANGE_006,7.8572 <= AIT501 <= 7.8597 AND 151.987 <= AIT402 <= 152.627 AND 142.938 <= AIT502 <= 143.502 AND 260.734 <= AIT503 <= 261.087 AND 11.6509 <= AIT504 <= 11.8816 AND 11.5740 <= AIT504 <= 11.9200,0.7692307692307693,1.0,0.7090909090909091,0.8297872340425533,39,0,16
Attack_17,3,AIT503_ATTACK_RANGE_006 | AIT501_ATTACK_RANGE_017 | PIT501_ATTACK_RANGE_004,260.254 <= AIT503 <= 260.574 AND 7.8600 <= AIT501 <= 7.8632 AND 251.234 <= PIT501 <= 252.147,0.7874564459930313,1.0,0.7692307692307693,0.8695652173913044,110,0,33
Attack_19,4,AIT504_ATTACK_RANGE_009 | AIT503_ATTACK_RANGE_002 | AIT201_ATTACK_RANGE_020 | AIT504_ATTACK_RANGE_010,15.4191 <= AIT504 <= 21.1100 AND 254.518 <= AIT503 <= 254.774 AND 251.186 <= AIT201 <= 251.346 AND 15.6268 <= AIT504 <= 16.3035,0.8269230769230769,1.0,0.9019607843137255,0.9484536082474228,46,0,5
Attack_20,4,LIT301_ATTACK_RANGE_004 | AIT203_ATTACK_RANGE_010 | AIT202_ATTACK_RANGE_007 | AIT201_ATTACK_RANGE_020,916.191 <= LIT301 <= 932.854 AND 333.479 <= AIT203 <= 333.632 AND 8.3843 <= AIT202 <= 8.3887 AND 251.186 <= AIT201 <= 251.346,0.7025316455696202,1.0,0.6329113924050633,0.7751937984496124,50,0,29
Attack_21,2,AIT501_ATTACK_RANGE_009 | LIT101_ATTACK_RANGE_000,7.8229 <= AIT501 <= 7.8258 AND 700.000 <= LIT101 <= 700.000,0.9532062391681109,0.8490566037735849,0.9375,0.8910891089108911,135,24,9
Attack_22,7,AIT201_ATTACK_RANGE_009 | AIT203_HIGH | AIT402_HIGH | PIT503_LOW | PIT503_ATTACK_RANGE_002 | AIT202_ATTACK_RANGE_011 | FIT504_ATTACK_RANGE_000,239.682 <= AIT201 <= 239.810 AND AIT203 > 333.863 AND AIT402 > 157.190 AND PIT503 < 185.529 AND 134.595 <= PIT503 <= 185.690 AND 8.4279 <= AIT202 <= 8.4387 AND 0.000000 <= FIT504 <= 0.000000,0.8355795148247979,1.0,0.8260869565217391,0.9047619047619047,76,0,16
Attack_23,5,AIT503_ATTACK_RANGE_004 | AIT501_ATTACK_RANGE_010 | DPIT301_HIGH | DPIT301_ATTACK_RANGE_001 | P302_EQ_1,269.995 <= AIT503 <= 270.411 AND 7.8011 <= AIT501 <= 7.8049 AND DPIT301 > 20.2798 AND 45.0000 <= DPIT301 <= 45.0000 AND P302 = 1,0.8458781362007168,1.0,0.8489208633093526,0.9182879377431907,118,0,21
Attack_24,2,P203_EQ_1 | AIT402_ATTACK_RANGE_000,P203 = 1 AND 149.680 <= AIT402 <= 150.551,0.9727626459143969,0.9264705882352942,0.984375,0.9545454545454545,63,5,1
Attack_25,3,AIT502_ATTACK_RANGE_000 | MV101_EQ_1 | LIT401_HIGH,139.580 <= AIT502 <= 141.041 AND MV101 = 1 AND LIT401 > 984.248,0.9163265306122449,1.0,0.9262295081967213,0.9617021276595745,113,0,9
Attack_26,6,AIT202_ATTACK_RANGE_006 | FIT201_ATTACK_RANGE_000 | FIT401_HIGH | AIT504_ATTACK_RANGE_009 | PIT501_LOW | FIT201_HIGH,8.4317 <= AIT202 <= 8.4493 AND 2.7836 <= FIT201 <= 2.8209 AND FIT401 > 1.7288 AND 15.4191 <= AIT504 <= 21.1100 AND PIT501 < 246.219 AND FIT201 > 2.4645,0.9299307958477508,0.9925650557620818,0.9238754325259516,0.9569892473118281,267,2,22
Attack_27,5,AIT201_ATTACK_RANGE_015 | AIT202_ATTACK_RANGE_010 | AIT502_ATTACK_RANGE_004 | MV302_EQ_2 | AIT501_ATTACK_RANGE_025,188.573 <= AIT201 <= 190.272 AND 8.5361 <= AIT202 <= 8.5512 AND 141.938 <= AIT502 <= 142.656 AND MV302 = 2 AND 7.6825 <= AIT501 <= 7.7719,0.8248337028824834,1.0,0.8431952662721893,0.9149277688603531,285,0,53
Attack_28,4,P302_EQ_1 | LIT401_LOW | MV304_EQ_2 | MV302_EQ_1,P302 = 1 AND LIT401 < 738.349 AND MV304 = 2 AND MV302 = 1,0.9728997289972899,0.900497512437811,0.9836956521739131,0.9402597402597402,181,20,3
Attack_29,5,DPIT301_ATTACK_RANGE_000 | AIT402_ATTACK_RANGE_001 | AIT502_ATTACK_RANGE_014 | AIT402_ATTACK_RANGE_004 | AIT203_ATTACK_RANGE_019,2.0616 <= DPIT301 <= 2.0616 AND 146.373 <= AIT402 <= 146.885 AND 138.170 <= AIT502 <= 138.939 AND 146.065 <= AIT402 <= 146.834 AND 288.670 <= AIT203 <= 303.589,0.9278350515463918,1.0,0.7916666666666666,0.8837209302325582,19,0,5
Attack_30,4,AIT402_ATTACK_RANGE_004 | FIT201_HIGH | LIT101_ATTACK_RANGE_000 | P102_EQ_2,146.065 <= AIT402 <= 146.834 AND FIT201 > 2.4645 AND 700.000 <= LIT101 <= 700.000 AND P102 = 2,0.9039487726787621,0.9953271028037384,0.9102564102564102,0.9508928571428572,213,1,21
Attack_31,5,LIT401_ATTACK_RANGE_000 | LIT401_LOW | AIT502_ATTACK_RANGE_000 | AIT203_ATTACK_RANGE_019 | AIT402_ATTACK_RANGE_002,600.000 <= LIT401 <= 600.000 AND LIT401 < 738.349 AND 139.580 <= AIT502 <= 141.041 AND 288.670 <= AIT203 <= 303.589 AND 147.517 <= AIT402 <= 147.911,0.9489795918367347,1.0,0.9452054794520548,0.971830985915493,69,0,4
Attack_32,4,AIT501_ATTACK_RANGE_020 | AIT203_ATTACK_RANGE_019 | MV302_EQ_2 | LIT301_HIGH,7.7940 <= AIT501 <= 7.7985 AND 288.670 <= AIT203 <= 303.589 AND MV302 = 2 AND LIT301 > 1010.758,0.9043659043659044,1.0,0.9083333333333333,0.9519650655021834,109,0,11
Attack_33,3,AIT203_ATTACK_RANGE_017 | AIT203_ATTACK_RANGE_007 | AIT203_ATTACK_RANGE_014,304.819 <= AIT203 <= 307.255 AND 304.947 <= AIT203 <= 305.178 AND 303.820 <= AIT203 <= 305.178,0.9466292134831461,0.41232227488151657,0.9886363636363636,0.5819397993311036,87,124,1
Attack_34,6,LIT301_ATTACK_RANGE_002 | AIT402_ATTACK_RANGE_013 | AIT402_ATTACK_RANGE_015 | AIT401_NORMAL | AIT402_ATTACK_RANGE_008 | LIT101_NORMAL,844.896 <= LIT301 <= 849.902 AND 143.655 <= AIT402 <= 144.450 AND 140.913 <= AIT402 <= 144.809 AND 148.803 <= AIT401 <= 148.808 AND 143.655 <= AIT402 <= 143.989 AND 494.153 <= LIT101 <= 813.513,0.8888888888888888,0.782608695652174,0.9,0.8372093023255814,18,5,2
Attack_35,5,AIT504_ATTACK_RANGE_010 | AIT203_ATTACK_RANGE_019 | AIT502_ATTACK_RANGE_006 | AIT504_ATTACK_RANGE_009 | AIT402_ATTACK_RANGE_015,15.6268 <= AIT504 <= 16.3035 AND 288.670 <= AIT203 <= 303.589 AND 136.504 <= AIT502 <= 137.042 AND 15.4191 <= AIT504 <= 21.1100 AND 140.913 <= AIT402 <= 144.809,0.8597402597402597,1.0,0.8958333333333334,0.945054945054945,86,0,10
Attack_36,3,AIT203_LOW | P203_EQ_1 | P101_EQ_1,AIT203 < 294.540 AND P203 = 1 AND P101 = 1,1.0,0.1651376146788991,1.0,0.2834645669291339,108,546,0
Attack_37,2,AIT501_ATTACK_RANGE_025 | PIT503_ATTACK_RANGE_002,7.6825 <= AIT501 <= 7.7719 AND 134.595 <= PIT503 <= 185.690,0.8803191489361702,0.41361256544502617,0.8494623655913979,0.5563380281690141,79,112,14
Attack_38,5,AIT203_ATTACK_RANGE_008 | AIT201_ATTACK_RANGE_024 | AIT203_LOW | LIT101_ATTACK_RANGE_003 | MV101_EQ_1,291.028 <= AIT203 <= 292.130 AND 169.860 <= AIT201 <= 170.020 AND AIT203 < 294.540 AND 521.551 <= LIT101 <= 523.750 AND MV101 = 1,0.8577777777777778,1.0,0.8214285714285714,0.9019607843137255,46,0,10
Attack_39,4,AIT501_ATTACK_RANGE_025 | AIT502_ATTACK_RANGE_000 | PIT501_ATTACK_RANGE_000 | P201_EQ_2,7.6825 <= AIT501 <= 7.7719 AND 139.580 <= AIT502 <= 141.041 AND 247.373 <= PIT501 <= 247.837 AND P201 = 2,0.8785046728971962,0.927536231884058,0.8,0.8590604026845639,64,5,16
Attack_40,2,PIT503_ATTACK_RANGE_002 | P201_EQ_2,134.595 <= PIT503 <= 185.690 AND P201 = 2,0.9327731092436975,0.6590909090909091,0.9830508474576272,0.7891156462585034,58,30,1
Attack_41,3,AIT201_LOW | AIT501_ATTACK_RANGE_025 | AIT203_ATTACK_RANGE_017,AIT201 < 169.892 AND 7.6825 <= AIT501 <= 7.7719 AND 304.819 <= AIT203 <= 307.255,0.9208955223880597,0.9660493827160493,0.9343283582089552,0.9499241274658572,313,11,22
