,precision,recall,f1-score,support
Normal,0.9896353877475477,0.9942357753811826,0.9919302476579167,5378.0
Attack_1,1.0,0.9946808510638298,0.9973333333333333,188.0
Attack_2,0.967032967032967,1.0,0.9832402234636871,88.0
Attack_3,1.0,0.9868421052631579,0.9933774834437086,76.0
Attack_4,0.9259259259259259,0.9615384615384616,0.9433962264150944,78.0
Attack_6,0.9487179487179487,0.9487179487179487,0.9487179487179487,39.0
Attack_7,1.0,1.0,1.0,86.0
Attack_8,1.0,0.9481865284974094,0.973404255319149,193.0
Attack_10,1.0,0.75,0.8571428571428571,32.0
Attack_11,0.9824561403508771,1.0,0.9911504424778761,112.0
Attack_13,0.9787234042553191,1.0,0.989247311827957,46.0
Attack_16,0.9649122807017544,1.0,0.9821428571428571,55.0
Attack_17,1.0,0.986013986013986,0.9929577464788732,143.0
Attack_19,1.0,0.9615384615384616,0.9803921568627451,52.0
Attack_20,1.0,0.9113924050632911,0.9536423841059603,79.0
Attack_21,1.0,1.0,1.0,144.0
Attack_22,0.9787234042553191,1.0,0.989247311827957,92.0
Attack_23,1.0,0.9496402877697842,0.974169741697417,139.0
Attack_24,0.984375,0.984375,0.984375,64.0
Attack_25,0.9758064516129032,0.9918032786885246,0.983739837398374,122.0
Attack_26,1.0,1.0,1.0,289.0
Attack_27,1.0,1.0,1.0,338.0
Attack_28,1.0,0.9945652173913043,0.997275204359673,184.0
Attack_29,1.0,0.9166666666666666,0.9565217391304348,24.0
Attack_30,1.0,1.0,1.0,234.0
Attack_31,1.0,1.0,1.0,73.0
Attack_32,0.952,0.9916666666666667,0.9714285714285714,120.0
Attack_33,1.0,1.0,1.0,89.0
Attack_34,1.0,0.95,0.9743589743589743,20.0
Attack_35,1.0,1.0,1.0,96.0
Attack_36,1.0,1.0,1.0,108.0
Attack_37,0.96875,0.9893617021276596,0.9789473684210527,94.0
Attack_38,0.9642857142857143,0.9642857142857143,0.9642857142857143,56.0
Attack_39,0.9868421052631579,0.9375,0.9615384615384616,80.0
Attack_40,1.0,1.0,1.0,59.0
Attack_41,1.0,0.9970149253731343,0.9985052316890882,335.0
accuracy,0.9904306220095693,0.9904306220095693,0.9904306220095693,0.9904306220095693
macro avg,0.9880051869485954,0.9752784995013106,0.9809019064034911,9405.0
weighted avg,0.9905420081967455,0.9904306220095693,0.9903496866722301,9405.0
